-- phpMyAdmin SQL Dump
-- version 4.7.7
-- https://www.phpmyadmin.net/
--
-- Host: localhost
-- Waktu pembuatan: 13 Mar 2018 pada 10.41
-- Versi server: 10.1.30-MariaDB
-- Versi PHP: 7.2.1

SET SQL_MODE = "NO_AUTO_VALUE_ON_ZERO";
SET AUTOCOMMIT = 0;
START TRANSACTION;
SET time_zone = "+00:00";


/*!40101 SET @OLD_CHARACTER_SET_CLIENT=@@CHARACTER_SET_CLIENT */;
/*!40101 SET @OLD_CHARACTER_SET_RESULTS=@@CHARACTER_SET_RESULTS */;
/*!40101 SET @OLD_COLLATION_CONNECTION=@@COLLATION_CONNECTION */;
/*!40101 SET NAMES utf8mb4 */;

--
-- Database: `bitlecoi_bitrade`
--

-- --------------------------------------------------------

--
-- Struktur dari tabel `admins`
--

CREATE TABLE `admins` (
  `id` int(10) UNSIGNED NOT NULL,
  `name` varchar(191) COLLATE utf8mb4_unicode_ci NOT NULL,
  `username` varchar(100) COLLATE utf8mb4_unicode_ci NOT NULL,
  `image` varchar(100) COLLATE utf8mb4_unicode_ci NOT NULL,
  `email` varchar(191) COLLATE utf8mb4_unicode_ci NOT NULL,
  `password` varchar(191) COLLATE utf8mb4_unicode_ci NOT NULL,
  `remember_token` varchar(100) COLLATE utf8mb4_unicode_ci DEFAULT NULL,
  `created_at` timestamp NULL DEFAULT NULL,
  `updated_at` timestamp NULL DEFAULT NULL
) ENGINE=InnoDB DEFAULT CHARSET=utf8mb4 COLLATE=utf8mb4_unicode_ci;

--
-- Dumping data untuk tabel `admins`
--

INSERT INTO `admins` (`id`, `name`, `username`, `image`, `email`, `password`, `remember_token`, `created_at`, `updated_at`) VALUES
(1, 'admingun', 'admin', '1498665028.png', 'admin@admin.com', '$2y$10$QDM9CsR53UODmQYWpCGK7eR528uMeFIDSGVBFjEZx/rGlc06R95qq', 'kgZTNdS1K4X9Edw0q7Xa6EU7sT2ugv1zlGxGH1tuz0SYMyex5GlfFZV4QIVP', NULL, '2017-08-17 18:58:09'),
(2, 'bitrade', 'bitrade', '1498665028.png', 'bitrade@bitrade.co.id', 'fcc3d1a19e698da0574e051ba594945a', 'v9EF8ejDCt3GqYmjmQ1PJ4fI7zDtUS0neNENKFsWOUxZr7Gi0JMefFQosNo9', NULL, '2018-01-24 17:00:00');

-- --------------------------------------------------------

--
-- Struktur dari tabel `basic_settings`
--

CREATE TABLE `basic_settings` (
  `id` int(10) UNSIGNED NOT NULL,
  `title` varchar(100) COLLATE utf8mb4_unicode_ci NOT NULL,
  `color` varchar(100) COLLATE utf8mb4_unicode_ci NOT NULL,
  `phone` varchar(100) COLLATE utf8mb4_unicode_ci NOT NULL,
  `email` varchar(100) COLLATE utf8mb4_unicode_ci NOT NULL,
  `address` varchar(100) COLLATE utf8mb4_unicode_ci NOT NULL,
  `google_map` blob NOT NULL,
  `start_date` datetime NOT NULL,
  `currency` varchar(100) COLLATE utf8mb4_unicode_ci NOT NULL,
  `symbol` varchar(100) COLLATE utf8mb4_unicode_ci NOT NULL,
  `deci` varchar(10) COLLATE utf8mb4_unicode_ci NOT NULL,
  `user_reg` int(2) NOT NULL DEFAULT '1',
  `email_verify` tinyint(1) NOT NULL,
  `phone_verify` tinyint(1) NOT NULL,
  `withdraw_status` tinyint(1) NOT NULL,
  `repeat_status` tinyint(1) NOT NULL,
  `email_notify` tinyint(1) NOT NULL,
  `phone_notify` tinyint(1) NOT NULL,
  `google_recap` tinyint(1) NOT NULL,
  `google_site_key` varchar(191) COLLATE utf8mb4_unicode_ci NOT NULL,
  `google_secret_key` varchar(191) COLLATE utf8mb4_unicode_ci NOT NULL,
  `reference` varchar(100) COLLATE utf8mb4_unicode_ci NOT NULL,
  `reference_bonus` varchar(100) COLLATE utf8mb4_unicode_ci NOT NULL,
  `reference_percent` varchar(100) COLLATE utf8mb4_unicode_ci NOT NULL,
  `from_email` varchar(100) COLLATE utf8mb4_unicode_ci NOT NULL,
  `email_body` longblob NOT NULL,
  `smsapi` blob NOT NULL,
  `breadcrumb` varchar(100) COLLATE utf8mb4_unicode_ci NOT NULL,
  `about` blob NOT NULL,
  `footer_text` text COLLATE utf8mb4_unicode_ci NOT NULL,
  `footer_image` varchar(100) COLLATE utf8mb4_unicode_ci NOT NULL,
  `copy_text` varchar(191) COLLATE utf8mb4_unicode_ci NOT NULL,
  `created_at` timestamp NULL DEFAULT NULL,
  `updated_at` timestamp NULL DEFAULT NULL
) ENGINE=InnoDB DEFAULT CHARSET=utf8mb4 COLLATE=utf8mb4_unicode_ci;

--
-- Dumping data untuk tabel `basic_settings`
--

INSERT INTO `basic_settings` (`id`, `title`, `color`, `phone`, `email`, `address`, `google_map`, `start_date`, `currency`, `symbol`, `deci`, `user_reg`, `email_verify`, `phone_verify`, `withdraw_status`, `repeat_status`, `email_notify`, `phone_notify`, `google_recap`, `google_site_key`, `google_secret_key`, `reference`, `reference_bonus`, `reference_percent`, `from_email`, `email_body`, `smsapi`, `breadcrumb`, `about`, `footer_text`, `footer_image`, `copy_text`, `created_at`, `updated_at`) VALUES
(1, 'Bitrade', '2ecc71', '+62818820654', 'info@nayaindonusa.com', 'Lippo Karawaci, Jakarta', 0x626974636f696e6c6567697465756d40676d61696c2e636f6d0d0a42346e397361344c346e676974, '2017-07-30 05:00:22', 'USD', '$', '2', 1, 0, 0, 1, 1, 0, 0, 0, '6LfJ0DEUAAAAANcRYNIasJigJ-tPzNlCH7JOymB-', '6LfJ0DEUAAAAAIGCgkQKHILOyfg6LGcbO4YLM15a', 'admin', '10', '0', 'info@nayaindonusa.com', 0x3c703e266e6273703b3c2f703e0d0a3c64697620636c6173733d227772617070657222207374796c653d226261636b67726f756e642d636f6c6f723a20236632663266323b223e0d0a3c7461626c65207374796c653d22626f726465722d636f6c6c617073653a20636f6c6c617073653b207461626c652d6c61796f75743a2066697865643b20636f6c6f723a20236238623862383b20666f6e742d66616d696c793a205562756e74752c73616e732d73657269663b2220616c69676e3d2263656e746572223e0d0a3c74626f64793e0d0a3c74723e0d0a3c746420636c6173733d227072656865616465725f5f736e697070657422207374796c653d2270616464696e673a203130707820302035707820303b20766572746963616c2d616c69676e3a20746f703b2077696474683a2032383070783b223e266e6273703b3c2f74643e0d0a3c746420636c6173733d227072656865616465725f5f77656276657273696f6e22207374796c653d22746578742d616c69676e3a2072696768743b2070616464696e673a203130707820302035707820303b20766572746963616c2d616c69676e3a20746f703b2077696474683a2032383070783b223e266e6273703b3c2f74643e0d0a3c2f74723e0d0a3c2f74626f64793e0d0a3c2f7461626c653e0d0a3c7461626c652069643d22656d622d656d61696c2d6865616465722d636f6e7461696e65722220636c6173733d2268656164657222207374796c653d22626f726465722d636f6c6c617073653a20636f6c6c617073653b207461626c652d6c61796f75743a2066697865643b206d617267696e2d6c6566743a206175746f3b206d617267696e2d72696768743a206175746f3b2220616c69676e3d2263656e746572223e0d0a3c74626f64793e0d0a3c74723e0d0a3c7464207374796c653d2270616464696e673a20303b2077696474683a2036303070783b223e0d0a3c64697620636c6173733d226865616465725f5f6c6f676f20656d622d6c6f676f2d6d617267696e2d626f7822207374796c653d22666f6e742d73697a653a20323670783b206c696e652d6865696768743a20333270783b20636f6c6f723a20236333636564393b20666f6e742d66616d696c793a20526f626f746f2c5461686f6d612c73616e732d73657269663b206d617267696e3a203670782032307078203230707820323070783b223e0d0a3c6469762069643d22656d622d656d61696c2d6865616465722220636c6173733d226c6f676f2d6c65667422207374796c653d22666f6e742d73697a653a203070782021696d706f7274616e743b206c696e652d6865696768743a20302021696d706f7274616e743b2220616c69676e3d226c656674223e3c696d67207374796c653d226865696768743a206175746f3b2077696474683a20313030253b20626f726465723a20303b206d61782d77696474683a2033313270783b22207372633d22687474703a2f2f692e696d6775722e636f6d2f6e4e434e505a542e706e672220616c743d22222077696474683d2233313222206865696768743d223434223e3c2f6469763e0d0a3c2f6469763e0d0a3c2f74643e0d0a3c2f74723e0d0a3c2f74626f64793e0d0a3c2f7461626c653e0d0a3c7461626c6520636c6173733d226c61796f7574206c61796f75742d2d6e6f2d67757474657222207374796c653d22626f726465722d636f6c6c617073653a20636f6c6c617073653b207461626c652d6c61796f75743a2066697865643b206d617267696e2d6c6566743a206175746f3b206d617267696e2d72696768743a206175746f3b206f766572666c6f772d777261703a20627265616b2d776f72643b20776f72642d777261703a20627265616b2d776f72643b20776f72642d627265616b3a20627265616b2d776f72643b206261636b67726f756e642d636f6c6f723a20236666666666663b2220616c69676e3d2263656e746572223e0d0a3c74626f64793e0d0a3c74723e0d0a3c746420636c6173733d22636f6c756d6e22207374796c653d2270616464696e673a203070783b20746578742d616c69676e3a206c6566743b20766572746963616c2d616c69676e3a20746f703b20636f6c6f723a207267622839362c203130322c20313039293b206c696e652d6865696768743a20323170783b20666f6e742d66616d696c793a2073616e732d73657269663b2077696474683a2036303070783b223e0d0a3c646976207374796c653d22666f6e742d73697a653a20313470783b206d617267696e2d6c6566743a20323070783b206d617267696e2d72696768743a20323070783b206d617267696e2d746f703a20323470783b223e0d0a3c646976207374796c653d226c696e652d6865696768743a20313070783b20666f6e742d73697a653a203170783b223e266e6273703b3c2f6469763e0d0a3c2f6469763e0d0a3c646976207374796c653d22666f6e742d73697a653a20313470783b206d617267696e2d6c6566743a20323070783b206d617267696e2d72696768743a20323070783b223e0d0a3c68323e4869207b7b6e616d657d7d2c3c2f68323e0d0a3c703e3c7374726f6e673e7b7b6d6573736167657d7d3c2f7374726f6e673e3c2f703e0d0a3c2f6469763e0d0a3c646976207374796c653d22666f6e742d73697a653a20313470783b206d617267696e2d6c6566743a20323070783b206d617267696e2d72696768743a20323070783b223e3c62723e3c2f6469763e0d0a3c646976207374796c653d226d617267696e2d6c6566743a20323070783b206d617267696e2d72696768743a20323070783b206d617267696e2d626f74746f6d3a20323470783b223e0d0a3c7020636c6173733d2273697a652d313422207374796c653d226d617267696e2d746f703a203070783b206d617267696e2d626f74746f6d3a203070783b206c696e652d6865696768743a20323170783b223e3c666f6e742073697a653d2233223e5468616e6b732c3c2f666f6e743e3c62723e203c7374726f6e67207374796c653d22666f6e742d73697a653a20313470783b223e4859495020496e766573746d656e743c2f7374726f6e673e3c2f703e0d0a3c2f6469763e0d0a3c2f74643e0d0a3c2f74723e0d0a3c2f74626f64793e0d0a3c2f7461626c653e3c62723e0d0a3c2f6469763e3c64697620636c6173733d227772617070657222207374796c653d226261636b67726f756e642d636f6c6f723a20236632663266323b223e3c62723e3c2f6469763e3c64697620636c6173733d227772617070657222207374796c653d226261636b67726f756e642d636f6c6f723a20236632663266323b223e3c62723e3c2f6469763e3c64697620636c6173733d227772617070657222207374796c653d226261636b67726f756e642d636f6c6f723a20236632663266323b223e3c62723e3c2f6469763e3c64697620636c6173733d227772617070657222207374796c653d226261636b67726f756e642d636f6c6f723a20236632663266323b223e3c62723e3c2f6469763e3c64697620636c6173733d227772617070657222207374796c653d226261636b67726f756e642d636f6c6f723a20236632663266323b223e3c62723e3c2f6469763e0d0a3c62723e0d0a3c62723e0d0a3c62723e, 0x68747470733a2f2f6170692e696e666f6269702e636f6d2f6170692f76332f73656e64736d732f706c61696e3f757365723d2a2a2a2a2670617373776f72643d2a2a2a2a2a2673656e6465723d452d57616c6c657426534d53546578743d7b7b6d6573736167657d7d2647534d3d7b7b6e756d6265727d7d26747970653d6c6f6e67534d53, '1506121478.jpg', 0x3c646976207374796c653d226d617267696e3a203070782031342e333930367078203070782032382e3739363970783b2070616464696e673a203070783b2077696474683a203433362e37393770783b20666c6f61743a206c6566743b20636f6c6f723a2072676228302c20302c2030293b20666f6e742d66616d696c793a2022206f70656e3d22222073616e73222c3d222220617269616c2c3d22222073616e732d73657269663b223d22223e3c6832207374796c653d226d617267696e2d746f703a203070783b206d617267696e2d72696768743a203070783b206d617267696e2d6c6566743a203070783b2070616464696e673a203070783b206c696e652d6865696768743a20323470783b20666f6e742d66616d696c793a204461757068696e506c61696e3b20666f6e742d73697a653a20323470783b223e57686174206973204c6f72656d20497073756d3f3c2f68323e3c70207374796c653d226d617267696e2d626f74746f6d3a20313570783b2070616464696e673a203070783b20746578742d616c69676e3a206a7573746966793b223e3c7374726f6e67207374796c653d226d617267696e3a203070783b2070616464696e673a203070783b223e4c6f72656d20497073756d3c2f7374726f6e673e266e6273703b69732073696d706c792064756d6d792074657874206f6620746865207072696e74696e6720616e64207479706573657474696e6720696e6475737472792e204c6f72656d20497073756d20686173206265656e2074686520696e6475737472792773207374616e646172642064756d6d79207465787420657665722073696e6365207468652031353030732c207768656e20616e20756e6b6e6f776e207072696e74657220746f6f6b20612067616c6c6579206f66207479706520616e6420736372616d626c656420697420746f206d616b65206120747970652073706563696d656e20626f6f6b2e20497420686173207375727669766564206e6f74206f6e6c7920666976652063656e7475726965732c2062757420616c736f20746865206c65617020696e746f20656c656374726f6e6963207479706573657474696e672c2072656d61696e696e6720657373656e7469616c6c7920756e6368616e6765642e2049742077617320706f70756c61726973656420696e207468652031393630732077697468207468652072656c65617365206f66204c657472617365742073686565747320636f6e7461696e696e67204c6f72656d20497073756d2070617373616765732c20616e64206d6f726520726563656e746c792077697468206465736b746f70207075626c697368696e6720736f667477617265206c696b6520416c64757320506167654d616b657220696e636c7564696e672076657273696f6e73206f66204c6f72656d20497073756d2e3c2f703e3c2f6469763e3c646976207374796c653d226d617267696e3a203070782032382e373936397078203070782031342e3339303670783b2070616464696e673a203070783b2077696474683a203433362e37393770783b20666c6f61743a2072696768743b20636f6c6f723a2072676228302c20302c2030293b20666f6e742d66616d696c793a2022206f70656e3d22222073616e73222c3d222220617269616c2c3d22222073616e732d73657269663b223d22223e3c6832207374796c653d226d617267696e2d746f703a203070783b206d617267696e2d72696768743a203070783b206d617267696e2d6c6566743a203070783b2070616464696e673a203070783b206c696e652d6865696768743a20323470783b20666f6e742d66616d696c793a204461757068696e506c61696e3b20666f6e742d73697a653a20323470783b223e57687920646f207765207573652069743f3c2f68323e3c70207374796c653d226d617267696e2d626f74746f6d3a20313570783b2070616464696e673a203070783b20746578742d616c69676e3a206a7573746966793b223e49742069732061206c6f6e672065737461626c6973686564206661637420746861742061207265616465722077696c6c206265206469737472616374656420627920746865207265616461626c6520636f6e74656e74206f6620612070616765207768656e206c6f6f6b696e6720617420697473206c61796f75742e2054686520706f696e74206f66207573696e67204c6f72656d20497073756d2069732074686174206974206861732061206d6f72652d6f722d6c657373206e6f726d616c20646973747269627574696f6e206f66206c6574746572732c206173206f70706f73656420746f207573696e672027436f6e74656e7420686572652c20636f6e74656e742068657265272c206d616b696e67206974206c6f6f6b206c696b65207265616461626c6520456e676c6973682e204d616e79206465736b746f70207075626c697368696e67207061636b6167657320616e6420776562207061676520656469746f7273206e6f7720757365204c6f72656d20497073756d2061732074686569722064656661756c74206d6f64656c20746578742c20616e6420612073656172636820666f7220276c6f72656d20697073756d272077696c6c20756e636f766572206d616e7920776562207369746573207374696c6c20696e20746865697220696e66616e63792e20566172696f75732076657273696f6e7320686176652065766f6c766564206f766572207468652079656172732c20736f6d6574696d6573206279206163636964656e742c20736f6d6574696d6573206f6e20707572706f73652028696e6a65637465642068756d6f757220616e6420746865206c696b65292e3c2f703e3c2f6469763e3c6272207374796c653d226d617267696e3a203070783b2070616464696e673a203070783b20636c6561723a20626f74683b20636f6c6f723a2072676228302c20302c2030293b20666f6e742d66616d696c793a2022206f70656e3d22222073616e73222c3d222220617269616c2c3d22222073616e732d73657269663b3d222220746578742d616c69676e3a3d22222063656e7465723b223d22223e3c646976207374796c653d226d617267696e3a203070782031342e333930367078203070782032382e3739363970783b2070616464696e673a203070783b2077696474683a203433362e37393770783b20666c6f61743a206c6566743b20636f6c6f723a2072676228302c20302c2030293b20666f6e742d66616d696c793a2022206f70656e3d22222073616e73222c3d222220617269616c2c3d22222073616e732d73657269663b223d22223e3c6832207374796c653d226d617267696e2d746f703a203070783b206d617267696e2d72696768743a203070783b206d617267696e2d6c6566743a203070783b2070616464696e673a203070783b206c696e652d6865696768743a20323470783b20666f6e742d66616d696c793a204461757068696e506c61696e3b20666f6e742d73697a653a20323470783b223e576865726520646f657320697420636f6d652066726f6d3f3c2f68323e3c70207374796c653d226d617267696e2d626f74746f6d3a20313570783b2070616464696e673a203070783b20746578742d616c69676e3a206a7573746966793b223e436f6e747261727920746f20706f70756c61722062656c6965662c204c6f72656d20497073756d206973206e6f742073696d706c792072616e646f6d20746578742e2049742068617320726f6f747320696e2061207069656365206f6620636c6173736963616c204c6174696e206c6974657261747572652066726f6d2034352042432c206d616b696e67206974206f7665722032303030207965617273206f6c642e2052696368617264204d63436c696e746f636b2c2061204c6174696e2070726f666573736f722061742048616d7064656e2d5379646e657920436f6c6c65676520696e2056697267696e69612c206c6f6f6b6564207570206f6e65206f6620746865206d6f7265206f627363757265204c6174696e20776f7264732c20636f6e73656374657475722c2066726f6d2061204c6f72656d20497073756d20706173736167652c20616e6420676f696e67207468726f75676820746865206369746573206f662074686520776f726420696e20636c6173736963616c206c6974657261747572652c20646973636f76657265642074686520756e646f75627461626c6520736f757263652e204c6f72656d20497073756d20636f6d65732066726f6d2073656374696f6e7320312e31302e333220616e6420312e31302e3333206f66202264652046696e6962757320426f6e6f72756d206574204d616c6f72756d2220285468652045787472656d6573206f6620476f6f6420616e64204576696c292062792043696365726f2c207772697474656e20696e2034352042432e205468697320626f6f6b2069732061207472656174697365206f6e20746865207468656f7279206f66206574686963732c207665727920706f70756c617220647572696e67207468652052656e61697373616e63652e20546865206669727374206c696e65206f66204c6f72656d20497073756d2c20224c6f72656d20697073756d20646f6c6f722073697420616d65742e2e222c20636f6d65732066726f6d2061206c696e6520696e2073656374696f6e20312e31302e33322e3c2f703e3c70207374796c653d226d617267696e2d626f74746f6d3a20313570783b2070616464696e673a203070783b20746578742d616c69676e3a206a7573746966793b223e546865207374616e64617264206368756e6b206f66204c6f72656d20497073756d20757365642073696e63652074686520313530307320697320726570726f64756365642062656c6f7720666f722074686f736520696e74657265737465642e2053656374696f6e7320312e31302e333220616e6420312e31302e33332066726f6d202264652046696e6962757320426f6e6f72756d206574204d616c6f72756d222062792043696365726f2061726520616c736f20726570726f647563656420696e207468656972206578616374206f726967696e616c20666f726d2c206163636f6d70616e69656420627920456e676c6973682076657273696f6e732066726f6d207468652031393134207472616e736c6174696f6e20627920482e205261636b68616d2e3c2f703e3c2f6469763e3c646976207374796c653d226d617267696e3a203070782032382e373936397078203070782031342e3339303670783b2070616464696e673a203070783b2077696474683a203433362e37393770783b20666c6f61743a2072696768743b20636f6c6f723a2072676228302c20302c2030293b20666f6e742d66616d696c793a2022206f70656e3d22222073616e73222c3d222220617269616c2c3d22222073616e732d73657269663b223d22223e3c6832207374796c653d226d617267696e2d746f703a203070783b206d617267696e2d72696768743a203070783b206d617267696e2d6c6566743a203070783b2070616464696e673a203070783b206c696e652d6865696768743a20323470783b20666f6e742d66616d696c793a204461757068696e506c61696e3b20666f6e742d73697a653a20323470783b223e57686572652063616e20492067657420736f6d653f3c2f68323e3c70207374796c653d226d617267696e2d626f74746f6d3a20313570783b2070616464696e673a203070783b20746578742d616c69676e3a206a7573746966793b223e546865726520617265206d616e7920766172696174696f6e73206f66207061737361676573206f66204c6f72656d20497073756d20617661696c61626c652c2062757420746865206d616a6f72697479206861766520737566666572656420616c7465726174696f6e20696e20736f6d6520666f726d2c20627920696e6a65637465642068756d6f75722c206f722072616e646f6d6973656420776f72647320776869636820646f6e2774206c6f6f6b206576656e20736c696768746c792062656c69657661626c652e20496620796f752061726520676f696e6720746f2075736520612070617373616765206f66204c6f72656d20497073756d2c20796f75206e65656420746f20626520737572652074686572652069736e277420616e797468696e6720656d62617272617373696e672068696464656e20696e20746865206d6964646c65206f6620746578742e20416c6c20746865204c6f72656d20497073756d2067656e657261746f7273206f6e2074686520496e7465726e65742074656e6420746f2072657065617420707265646566696e6564206368756e6b73206173206e65636573736172792c206d616b696e6720746869732074686520666972737420747275652067656e657261746f72206f6e2074686520496e7465726e65742e204974207573657320612064696374696f6e617279206f66206f76657220323030204c6174696e20776f7264732c20636f6d62696e6564207769746820612068616e6466756c206f66206d6f64656c2073656e74656e636520737472756374757265732c20746f2067656e6572617465204c6f72656d20497073756d207768696368206c6f6f6b7320726561736f6e61626c652e205468652067656e657261746564204c6f72656d20497073756d206973207468657265666f726520616c7761797320667265652066726f6d2072657065746974696f6e2c20696e6a65637465642068756d6f75722c206f72206e6f6e2d636861726163746572697374696320776f726473206574632e3c2f703e3c2f6469763e, 'Lorem Ipsum is simply dummy text of the printing and typesetting industry. Lorem Ipsum has been the industry\'s standard dummy.', '1503148676.jpg', 'Copyright © Bitrade.co.id - 2018 All Right Reserved.', NULL, '2018-01-25 09:17:18');

-- --------------------------------------------------------

--
-- Struktur dari tabel `compounds`
--

CREATE TABLE `compounds` (
  `id` int(10) UNSIGNED NOT NULL,
  `name` varchar(191) COLLATE utf8mb4_unicode_ci NOT NULL,
  `compound` varchar(191) COLLATE utf8mb4_unicode_ci NOT NULL,
  `created_at` timestamp NULL DEFAULT NULL,
  `updated_at` timestamp NULL DEFAULT NULL
) ENGINE=InnoDB DEFAULT CHARSET=utf8mb4 COLLATE=utf8mb4_unicode_ci;

--
-- Dumping data untuk tabel `compounds`
--

INSERT INTO `compounds` (`id`, `name`, `compound`, `created_at`, `updated_at`) VALUES
(1, 'Hourly', '1', '2017-06-12 18:25:25', '2017-06-12 18:25:25'),
(2, 'Daily', '24', '2017-06-12 18:31:33', '2017-06-12 18:33:14'),
(3, 'Weekly', '168', '2017-06-12 18:33:30', '2017-06-12 18:33:30'),
(4, 'Monthly', '720', '2017-06-12 18:35:58', '2017-06-12 18:36:30'),
(6, 'Yearly', '8760', '2017-09-21 17:03:37', '2017-09-21 17:03:37'),
(7, 'asdfdsf', '10', '2017-10-24 10:51:25', '2017-10-24 10:51:25'),
(8, 'asdfsadf', '50', '2017-10-24 11:10:35', '2017-10-24 11:10:35');

-- --------------------------------------------------------

--
-- Struktur dari tabel `deposits`
--

CREATE TABLE `deposits` (
  `id` int(10) UNSIGNED NOT NULL,
  `user_id` int(11) NOT NULL,
  `transaction_id` varchar(255) COLLATE utf8_unicode_ci NOT NULL,
  `amount` varchar(255) COLLATE utf8_unicode_ci NOT NULL,
  `rate` varchar(100) COLLATE utf8_unicode_ci DEFAULT NULL,
  `charge` varchar(100) COLLATE utf8_unicode_ci NOT NULL,
  `net_amount` varchar(100) COLLATE utf8_unicode_ci NOT NULL,
  `payment_type` tinyint(4) NOT NULL,
  `message` blob,
  `status` tinyint(1) DEFAULT '0',
  `created_at` timestamp NULL DEFAULT NULL,
  `updated_at` timestamp NULL DEFAULT NULL
) ENGINE=InnoDB DEFAULT CHARSET=utf8 COLLATE=utf8_unicode_ci;

--
-- Dumping data untuk tabel `deposits`
--

INSERT INTO `deposits` (`id`, `user_id`, `transaction_id`, `amount`, `rate`, `charge`, `net_amount`, `payment_type`, `message`, `status`, `created_at`, `updated_at`) VALUES
(1, 4, 'STSJEOFU60STGYAQN3SZ', '100', '75', '5.2', '105.2', 4, NULL, 1, '2017-10-22 04:36:45', '2017-10-22 04:36:45'),
(2, 4, 'HEPAYL8ZQMONDTKI0LEJ', '150000', '75', '3303', '153303', 4, NULL, 1, '2017-10-22 06:30:01', '2017-10-22 06:30:01'),
(3, 4, 'SOQ8I4HYGZ7E6TBOWTL9', '1025', '75', '25.55', '1050.55', 4, NULL, 1, '2017-10-22 09:15:20', '2017-10-22 09:15:20'),
(4, 4, 'FGEBVG7QGN4N7VVSBNMH', '1022', '75', '25.48', '1047.484', 4, NULL, 1, '2017-10-22 09:19:39', '2017-10-22 09:19:39'),
(5, 4, 'AQ7QSZI9CSS9SZ1M4XUJ', '1025', NULL, '50.63', '1075.625', 11, 0x6473616673646673616466736461663c62723e, 0, '2017-10-22 09:21:32', '2017-10-22 09:21:32'),
(6, 4, '9BYQWDFP2FZW20HPMBVZ', '1025', '75', '25.55', '1050.55', 4, NULL, 1, '2017-10-22 09:39:47', '2017-10-22 09:39:47'),
(7, 4, 'KLHAPDY8TBNYPNBQEGQ1', '1025', NULL, '50.63', '1075.625', 11, 0x6164736673643c62723e, 0, '2017-10-22 09:41:23', '2017-10-22 09:41:23'),
(8, 4, 'YURKFMQSK1RTGWRNPM22', '1025', NULL, '50.63', '1075.625', 11, 0x736466736164663c62723e, 0, '2017-10-22 10:01:09', '2017-10-22 10:01:09'),
(9, 5, 'ASG8WXJQURV9VCHLHEOT', '50000', '75', '1103', '51103', 4, NULL, 1, '2017-10-22 11:04:35', '2017-10-22 11:04:35'),
(10, 4, 'WRUEGA68BHPDZNYJQ2H9', '10025', NULL, '280.63', '10305.625', 10, 0x68656c6c6f20776f726c643c62723e, 1, '2017-10-23 06:42:39', '2017-10-24 09:14:59'),
(11, 4, 'J7KNXMPUXTPNQKD2MXPO', '1025452', NULL, '25666.3', '1051118.3', 10, 0x34343532313332303c62723e, 0, '2017-10-23 06:43:02', '2017-10-23 06:43:02'),
(12, 4, 'OGJGJYJJYQZB0RBMXIOZ', '500', NULL, '35', '535', 5, 0x48454c4c4f20574f524c44205448495320495320544553543c62723e, 0, '2017-10-24 04:08:36', '2017-10-24 04:08:36'),
(13, 4, '8OLQITXTO16PS9PKRPUN', '450', NULL, '32.5', '482.5', 5, 0x464446415344463c62723e, 2, '2017-10-24 04:09:27', '2017-10-24 11:56:11'),
(14, 6, 'HWWXYJ6AIT82BOONPIE3', '1520', NULL, '86', '1606', 5, 0x266e6273703b7468697320697320746f20746573743c696d67207372633d2268747470733a2f2f692e696d6775722e636f6d2f57694667474a7a2e6a7067222077696474683d22333636223e3c6469763e3c62723e3c2f6469763e, 1, '2017-10-24 08:59:20', '2017-10-24 09:29:12'),
(15, 4, 'DFRMXV1POL9GZEIVD3GG', '100', NULL, '32.5', '132.5', 10, 0x64666164666473663c62723e, 1, '2017-10-30 06:34:33', '2017-10-30 06:37:14'),
(16, 4, 'QWJC9KU5ITM5ORFZXURI', '500', NULL, '37.5', '537.5', 11, 0x6f6f6f3c62723e, 0, '2017-10-30 10:01:08', '2017-10-30 10:01:08'),
(17, 4, '5KZM4OOOTOLJDVD8WC7T', '1000', NULL, '150', '1150', 5, 0x736466206473616620646620643c62723e, 1, '2017-10-31 06:57:03', '2017-10-31 06:57:40'),
(18, 4, '4MO7GE3QF3WDLMJFHS84', '500', NULL, '42.5', '542.5', 10, 0x66647366736466616473662066616473667361642066666420733c62723e, 1, '2017-10-31 07:02:33', '2017-10-31 07:02:49'),
(19, 4, 'WRM7ZD3SNYXINXXCO5UX', '1000', NULL, '150', '1150', 5, 0x6473667361642064662061647366736420612064266e6273703b2061736466266e6273703b2073643c62723e, 0, '2017-10-31 08:50:49', '2017-10-31 08:50:49'),
(20, 4, '7MFFQUW00VJVZ7IBOGOY', '200', NULL, '110', '310', 5, 0x61736466736466736461663c62723e, 1, '2017-10-31 08:52:16', '2017-10-31 08:57:59'),
(21, 4, 'OIUTCMFCSNZOFII0KV0N', '500', NULL, '125', '625', 5, 0x6a6b6b6b6b6b6b6a6a683c62723e, 1, '2017-10-31 08:59:25', '2017-10-31 09:00:01'),
(22, 8, 'J35IBA4WZPTBUYRDB9HI', '200000', '80', '1000', '201000', 4, NULL, 0, '2018-02-23 02:20:28', '2018-02-23 02:20:28'),
(23, 8, 'D6P9L6WPYWCABZOUNHJK', '22222', '80', '111.11', '22333.11', 4, NULL, 0, '2018-02-23 02:21:02', '2018-02-23 02:21:02');

-- --------------------------------------------------------

--
-- Struktur dari tabel `deposit_images`
--

CREATE TABLE `deposit_images` (
  `id` int(10) UNSIGNED NOT NULL,
  `deposit_id` int(11) NOT NULL,
  `image` varchar(191) COLLATE utf8mb4_unicode_ci NOT NULL,
  `created_at` timestamp NULL DEFAULT NULL,
  `updated_at` timestamp NULL DEFAULT NULL
) ENGINE=InnoDB DEFAULT CHARSET=utf8mb4 COLLATE=utf8mb4_unicode_ci;

--
-- Dumping data untuk tabel `deposit_images`
--

INSERT INTO `deposit_images` (`id`, `deposit_id`, `image`, `created_at`, `updated_at`) VALUES
(1, 5, '1508664092h3.jpg', '2017-10-22 09:21:32', '2017-10-22 09:21:32'),
(2, 7, '1508665283h3.png', '2017-10-22 09:41:23', '2017-10-22 09:41:23'),
(3, 8, '1508666469h3.jpg', '2017-10-22 10:01:10', '2017-10-22 10:01:10'),
(4, 10, '1508740959h3.jpg', '2017-10-23 06:42:39', '2017-10-23 06:42:39'),
(5, 10, '1508740959h3.jpg', '2017-10-23 06:42:39', '2017-10-23 06:42:39'),
(6, 11, '1508740982h3.jpg', '2017-10-23 06:43:02', '2017-10-23 06:43:02'),
(7, 11, '1508740982h3.jpg', '2017-10-23 06:43:03', '2017-10-23 06:43:03'),
(8, 12, '1508818116h3.jpg', '2017-10-24 04:08:36', '2017-10-24 04:08:36'),
(9, 12, '1508818116h3.jpg', '2017-10-24 04:08:36', '2017-10-24 04:08:36'),
(10, 13, '1508818167h3.jpg', '2017-10-24 04:09:27', '2017-10-24 04:09:27'),
(11, 13, '1508818167h3.jpg', '2017-10-24 04:09:28', '2017-10-24 04:09:28'),
(12, 14, '1508835560h3.png', '2017-10-24 08:59:20', '2017-10-24 08:59:20'),
(13, 14, '1508835560h3.png', '2017-10-24 08:59:20', '2017-10-24 08:59:20'),
(14, 15, '1509345273h3.jpg', '2017-10-30 06:34:34', '2017-10-30 06:34:34'),
(15, 16, '1509357668h3.png', '2017-10-30 10:01:09', '2017-10-30 10:01:09'),
(16, 17, '1509433024h3.jpg', '2017-10-31 06:57:04', '2017-10-31 06:57:04'),
(17, 18, '1509433353h3.jpg', '2017-10-31 07:02:33', '2017-10-31 07:02:33'),
(18, 19, '1509439849h3.jpg', '2017-10-31 08:50:49', '2017-10-31 08:50:49'),
(19, 19, '1509439849h3.png', '2017-10-31 08:50:50', '2017-10-31 08:50:50'),
(20, 20, '1509439936h3.jpg', '2017-10-31 08:52:17', '2017-10-31 08:52:17'),
(21, 21, '1509440365h3.jpg', '2017-10-31 08:59:25', '2017-10-31 08:59:25');

-- --------------------------------------------------------

--
-- Struktur dari tabel `faqs`
--

CREATE TABLE `faqs` (
  `id` int(10) UNSIGNED NOT NULL,
  `title` varchar(191) COLLATE utf8mb4_unicode_ci NOT NULL,
  `description` blob NOT NULL,
  `created_at` timestamp NULL DEFAULT NULL,
  `updated_at` timestamp NULL DEFAULT NULL
) ENGINE=InnoDB DEFAULT CHARSET=utf8mb4 COLLATE=utf8mb4_unicode_ci;

--
-- Dumping data untuk tabel `faqs`
--

INSERT INTO `faqs` (`id`, `title`, `description`, `created_at`, `updated_at`) VALUES
(1, 'Anim pariatur cliche reprehenderit', 0x416e696d20706172696174757220636c6963686520726570726568656e64657269742c20656e696d20656975736d6f642068696768206c696665206163637573616d75732074657272792072696368617264736f6e2061642073717569642e203320776f6c66206d6f6f6e206f66666963696120617574652c206e6f6e2063757069646174617420736b617465626f61726420646f6c6f72206272756e63682e20466f6f6420747275636b207175696e6f61206e65736369756e74206c61626f72756d20656975736d6f642e204272756e6368203320776f6c66206d6f6f6e2074656d706f722c2073756e7420616c697175612070757420612062697264206f6e2069742073717569642073696e676c652d6f726967696e20636f66666565206e756c6c6120617373756d656e64612073686f726564697463682065742e204e6968696c20616e696d206b656666697965682068656c7665746963612c2063726166742062656572206c61626f72652077657320616e646572736f6e2063726564206e65736369756e742073617069656e74652065612070726f6964656e742e20416420766567616e2065786365707465757220627574636865722076696365206c6f6d6f2e204c656767696e6773206f636361656361742063726166742062656572206661726d2d746f2d7461626c652c207261772064656e696d206165737468657469632073796e7468206e65736369756e7420796f752070726f6261626c7920686176656e2774206865617264206f66207468656d206163637573616d7573206c61626f7265207375737461696e61626c65205648532e, '2017-09-22 17:53:37', '2017-09-22 17:53:37'),
(3, 'Lorem Ipsum is simply dummy text of the printing', 0x57686174206973204c6f72656d20497073756d3f0d0a4c6f72656d20497073756d2069732073696d706c792064756d6d792074657874206f6620746865207072696e74696e6720616e64207479706573657474696e6720696e6475737472792e204c6f72656d20497073756d20686173206265656e2074686520696e6475737472792773207374616e646172642064756d6d79207465787420657665722073696e6365207468652031353030732c207768656e20616e20756e6b6e6f776e207072696e74657220746f6f6b20612067616c6c6579206f66207479706520616e6420736372616d626c656420697420746f206d616b65206120747970652073706563696d656e20626f6f6b2e20497420686173207375727669766564206e6f74206f6e6c7920666976652063656e7475726965732c2062757420616c736f20746865206c65617020696e746f20656c656374726f6e6963207479706573657474696e672c2072656d61696e696e6720657373656e7469616c6c7920756e6368616e6765642e2049742077617320706f70756c61726973656420696e207468652031393630732077697468207468652072656c65617365206f66204c657472617365742073686565747320636f6e7461696e696e67204c6f72656d20497073756d2070617373616765732c20616e64206d6f726520726563656e746c792077697468206465736b746f70207075626c697368696e6720736f667477617265206c696b6520416c64757320506167654d616b657220696e636c7564696e672076657273696f6e73206f66204c6f72656d20497073756d2e, '2017-09-23 08:38:51', '2017-09-23 08:38:51'),
(4, 'Anim pariatur cliche reprehenderit', 0x3c6832207374796c653d226d617267696e2d746f703a203070783b206d617267696e2d72696768743a203070783b206d617267696e2d6c6566743a203070783b2070616464696e673a203070783b206c696e652d6865696768743a20323470783b20666f6e742d66616d696c793a204461757068696e506c61696e3b20666f6e742d73697a653a20323470783b20636f6c6f723a2072676228302c20302c2030293b223e57686174206973204c6f72656d20497073756d3f3c2f68323e3c70207374796c653d226d617267696e2d626f74746f6d3a20313570783b2070616464696e673a203070783b20746578742d616c69676e3a206a7573746966793b20636f6c6f723a2072676228302c20302c2030293b20666f6e742d66616d696c793a202671756f743b4f70656e2053616e732671756f743b2c20417269616c2c2073616e732d73657269663b223e3c7374726f6e67207374796c653d226d617267696e3a203070783b2070616464696e673a203070783b223e4c6f72656d20497073756d3c2f7374726f6e673e266e6273703b69732073696d706c792064756d6d792074657874206f6620746865207072696e74696e6720616e64207479706573657474696e6720696e6475737472792e204c6f72656d20497073756d20686173206265656e2074686520696e6475737472792773207374616e646172642064756d6d79207465787420657665722073696e6365207468652031353030732c207768656e20616e20756e6b6e6f776e207072696e74657220746f6f6b20612067616c6c6579206f66207479706520616e6420736372616d626c656420697420746f206d616b65206120747970652073706563696d656e20626f6f6b2e20497420686173207375727669766564206e6f74206f6e6c7920666976652063656e7475726965732c2062757420616c736f20746865206c65617020696e746f20656c656374726f6e6963207479706573657474696e672c2072656d61696e696e6720657373656e7469616c6c7920756e6368616e6765642e2049742077617320706f70756c61726973656420696e207468652031393630732077697468207468652072656c65617365206f66204c657472617365742073686565747320636f6e7461696e696e67204c6f72656d20497073756d2070617373616765732c20616e64206d6f726520726563656e746c792077697468206465736b746f70207075626c697368696e6720736f667477617265206c696b6520416c64757320506167654d616b657220696e636c7564696e672076657273696f6e73206f66204c6f72656d20497073756d2e3c2f703e, '2017-09-23 08:38:57', '2017-09-23 08:38:57'),
(5, 'Anim pariatur cliche reprehenderit', 0x3c6832207374796c653d226d617267696e2d746f703a203070783b206d617267696e2d72696768743a203070783b206d617267696e2d6c6566743a203070783b2070616464696e673a203070783b206c696e652d6865696768743a20323470783b20666f6e742d66616d696c793a204461757068696e506c61696e3b20666f6e742d73697a653a20323470783b20636f6c6f723a2072676228302c20302c2030293b223e57686174206973204c6f72656d20497073756d3f3c2f68323e3c70207374796c653d226d617267696e2d626f74746f6d3a20313570783b2070616464696e673a203070783b20746578742d616c69676e3a206a7573746966793b20636f6c6f723a2072676228302c20302c2030293b20666f6e742d66616d696c793a202671756f743b4f70656e2053616e732671756f743b2c20417269616c2c2073616e732d73657269663b223e3c7374726f6e67207374796c653d226d617267696e3a203070783b2070616464696e673a203070783b223e4c6f72656d20497073756d3c2f7374726f6e673e266e6273703b69732073696d706c792064756d6d792074657874206f6620746865207072696e74696e6720616e64207479706573657474696e6720696e6475737472792e204c6f72656d20497073756d20686173206265656e2074686520696e6475737472792773207374616e646172642064756d6d79207465787420657665722073696e6365207468652031353030732c207768656e20616e20756e6b6e6f776e207072696e74657220746f6f6b20612067616c6c6579206f66207479706520616e6420736372616d626c656420697420746f206d616b65206120747970652073706563696d656e20626f6f6b2e20497420686173207375727669766564206e6f74206f6e6c7920666976652063656e7475726965732c2062757420616c736f20746865206c65617020696e746f20656c656374726f6e6963207479706573657474696e672c2072656d61696e696e6720657373656e7469616c6c7920756e6368616e6765642e2049742077617320706f70756c61726973656420696e207468652031393630732077697468207468652072656c65617365206f66204c657472617365742073686565747320636f6e7461696e696e67204c6f72656d20497073756d2070617373616765732c20616e64206d6f726520726563656e746c792077697468206465736b746f70207075626c697368696e6720736f667477617265206c696b6520416c64757320506167654d616b657220696e636c7564696e672076657273696f6e73206f66204c6f72656d20497073756d2e3c2f703e, '2017-09-23 08:39:03', '2017-09-23 08:39:03');

-- --------------------------------------------------------

--
-- Struktur dari tabel `investments`
--

CREATE TABLE `investments` (
  `id` int(10) UNSIGNED NOT NULL,
  `trx_id` varchar(191) COLLATE utf8mb4_unicode_ci NOT NULL,
  `user_id` int(11) NOT NULL,
  `plan_id` int(11) NOT NULL,
  `amount` varchar(191) COLLATE utf8mb4_unicode_ci NOT NULL,
  `status` tinyint(1) NOT NULL DEFAULT '0',
  `created_at` timestamp NULL DEFAULT NULL,
  `updated_at` timestamp NULL DEFAULT NULL
) ENGINE=InnoDB DEFAULT CHARSET=utf8mb4 COLLATE=utf8mb4_unicode_ci;

--
-- Dumping data untuk tabel `investments`
--

INSERT INTO `investments` (`id`, `trx_id`, `user_id`, `plan_id`, `amount`, `status`, `created_at`, `updated_at`) VALUES
(1, 'TLWRPGZ5XPHQEG9VBEZL', 4, 1, '1200', 0, '2017-10-22 06:31:07', '2017-10-22 06:31:07'),
(2, '5STYCDDMMPDYRQONVRQU', 4, 1, '500', 1, '2017-10-22 06:33:01', '2017-10-22 11:17:07'),
(3, 'KVPXSHNKYCQUKP6PWISU', 4, 1, '500', 0, '2017-10-22 06:35:13', '2017-10-22 06:35:13'),
(4, '9ST9G3WPHXL8HQDIZR9T', 4, 1, '500', 0, '2017-10-04 06:48:15', '2017-10-06 06:48:15'),
(5, '74WYLM4H1DTL0YF3ETCR', 4, 1, '500', 0, '2017-10-22 06:54:14', '2017-10-22 06:54:14'),
(6, 'SABUXJ1WH8XMDCDGQ14U', 4, 1, '1000', 0, '2017-10-22 08:49:17', '2017-10-22 08:49:17'),
(7, 'JPMU5JLUNJ6XKF6RA4KY', 4, 1, '1025', 0, '2017-10-22 09:14:07', '2017-10-22 09:14:07'),
(8, 'ENBXLBB78Z7IYZRDJ9DM', 5, 1, '1000', 0, '2017-10-22 11:05:39', '2017-10-22 11:05:39'),
(9, '9UOX5XDDTRKSM8ZR0MZC', 4, 5, '500', 0, '2017-10-22 11:18:40', '2017-10-22 11:18:40'),
(10, '0QS5Q8H4BY7CZNHFEAHL', 4, 1, '1500', 0, '2017-10-23 05:15:58', '2017-10-23 05:15:58'),
(11, 'FZODUGLJ8SCN0HWVSV9Z', 4, 1, '500', 1, '2017-10-24 04:04:36', '2017-10-24 10:18:47'),
(12, 'MF3JFDSGKNGXF7ALQUCX', 4, 1, '1200', 0, '2017-10-26 11:34:20', '2017-10-26 11:34:20'),
(13, 'M2RYAGPRLGL5VYPINIST', 4, 1, '50000', 0, '2017-11-05 07:00:34', '2017-11-05 07:00:34'),
(14, 'FR3VKR3VPTESTE3QFAMQ', 4, 1, '10000', 0, '2017-11-05 07:01:24', '2017-11-05 07:01:24');

-- --------------------------------------------------------

--
-- Struktur dari tabel `menus`
--

CREATE TABLE `menus` (
  `id` int(10) UNSIGNED NOT NULL,
  `name` varchar(255) COLLATE utf8_unicode_ci NOT NULL,
  `description` blob NOT NULL,
  `created_at` timestamp NULL DEFAULT NULL,
  `updated_at` timestamp NULL DEFAULT NULL
) ENGINE=InnoDB DEFAULT CHARSET=utf8 COLLATE=utf8_unicode_ci;

-- --------------------------------------------------------

--
-- Struktur dari tabel `migrations`
--

CREATE TABLE `migrations` (
  `id` int(10) UNSIGNED NOT NULL,
  `migration` varchar(191) COLLATE utf8mb4_unicode_ci NOT NULL,
  `batch` int(11) NOT NULL
) ENGINE=InnoDB DEFAULT CHARSET=utf8mb4 COLLATE=utf8mb4_unicode_ci;

-- --------------------------------------------------------

--
-- Struktur dari tabel `pages`
--

CREATE TABLE `pages` (
  `id` int(10) UNSIGNED NOT NULL,
  `about_subtitle` text COLLATE utf8mb4_unicode_ci,
  `about_leftText` blob,
  `about_rightText` blob,
  `service_subtitle` text COLLATE utf8mb4_unicode_ci,
  `plan_subtitle` text COLLATE utf8mb4_unicode_ci,
  `investor_subtitle` text COLLATE utf8mb4_unicode_ci,
  `created_at` timestamp NULL DEFAULT NULL,
  `updated_at` timestamp NULL DEFAULT NULL
) ENGINE=InnoDB DEFAULT CHARSET=utf8mb4 COLLATE=utf8mb4_unicode_ci;

--
-- Dumping data untuk tabel `pages`
--

INSERT INTO `pages` (`id`, `about_subtitle`, `about_leftText`, `about_rightText`, `service_subtitle`, `plan_subtitle`, `investor_subtitle`, `created_at`, `updated_at`) VALUES
(1, 'Lorem ipsum dolor sit amet, consectetur adipisicing elit, sed do eiusmod tempor incididunt ut labore et dolore magna aliqua. Ut enim ad minim veniam, quis nostrud exercitation ullamco laboris nisi ut aliquip ex ea commodo consequat.', 0x4c6f72656d20697073756d20646f6c6f722073697420616d65742c20636f6e7365637465747572206164697069736963696e6720656c69742c2073656420646f20656975736d6f642074656d706f72696e6369646964756e7420326a6c61626f726520657420646f6c6f7265206d61676e6120616c697175612e20557420617574206f646974206175742066756769742c20736564207175696120636f6e73657175756e747572206d61676e6920646f6c6f72657320656f732071756920726174696f6e6520766f6c7570746174656d207365717569206e65736369756e742e204e6571756520706f72726f20717569737175616d206573742c2071756920646f6c6f726174656d2e, 0x4c6f72656d20697073756d20646f6c6f722073697420616d65742c20636f6e7365637465747572206164697069736963696e6720656c69742c2073656420646f20656975736d6f642074656d706f72696e6369646964756e7420326a6c61626f726520657420646f6c6f7265206d61676e6120616c697175612e20557420617574206f646974206175742066756769742c20736564207175696120636f6e73657175756e747572206d61676e6920646f6c6f72657320656f732071756920726174696f6e6520766f6c7570746174656d207365717569206e65736369756e742e204e6571756520706f72726f20717569737175616d206573742c2071756920646f6c6f726174656d2e, 'Lorem ipsum dolor sit amet, consectetur adipisicing elit, sed do eiusmod tempor incididunt ut labore et dolore magna aliqua. Ut enim ad minim veniam, quis nostrud exercitation ullamco laboris nisi ut aliquip ex ea commodo consequat.', 'Lorem ipsum dolor sit amet, consectetur adipisicing elit, sed do eiusmod tempor incididunt ut labore et dolore magna aliqua. Ut enim ad minim veniam, quis nostrud exercitation ullamco laboris nisi ut aliquip ex ea commodo consequat.', 'Lorem ipsum dolor sit amet, consectetur adipisicing elit, sed do eiusmod tempor incididunt ut labore et dolore magna aliqua. Ut enim ad minim veniam, quis nostrud exercitation ullamco laboris nisi ut aliquip ex ea commodo consequat.', NULL, '2017-09-27 22:03:33');

-- --------------------------------------------------------

--
-- Struktur dari tabel `password_resets`
--

CREATE TABLE `password_resets` (
  `email` varchar(191) COLLATE utf8mb4_unicode_ci NOT NULL,
  `token` varchar(191) COLLATE utf8mb4_unicode_ci NOT NULL,
  `created_at` timestamp NULL DEFAULT NULL
) ENGINE=InnoDB DEFAULT CHARSET=utf8mb4 COLLATE=utf8mb4_unicode_ci;

-- --------------------------------------------------------

--
-- Struktur dari tabel `payment_logs`
--

CREATE TABLE `payment_logs` (
  `id` int(10) UNSIGNED NOT NULL,
  `member_id` varchar(255) COLLATE utf8_unicode_ci NOT NULL,
  `custom` varchar(255) COLLATE utf8_unicode_ci NOT NULL,
  `payment_type` int(11) NOT NULL,
  `amount` varchar(255) COLLATE utf8_unicode_ci NOT NULL,
  `charge` varchar(100) COLLATE utf8_unicode_ci NOT NULL,
  `net_amount` varchar(100) COLLATE utf8_unicode_ci NOT NULL,
  `usd` varchar(100) COLLATE utf8_unicode_ci DEFAULT NULL,
  `btc_amo` varchar(100) COLLATE utf8_unicode_ci DEFAULT NULL,
  `btc_acc` varchar(255) COLLATE utf8_unicode_ci DEFAULT NULL,
  `status` int(11) NOT NULL DEFAULT '0',
  `created_at` timestamp NULL DEFAULT NULL,
  `updated_at` timestamp NULL DEFAULT NULL
) ENGINE=InnoDB DEFAULT CHARSET=utf8 COLLATE=utf8_unicode_ci;

--
-- Dumping data untuk tabel `payment_logs`
--

INSERT INTO `payment_logs` (`id`, `member_id`, `custom`, `payment_type`, `amount`, `charge`, `net_amount`, `usd`, `btc_amo`, `btc_acc`, `status`, `created_at`, `updated_at`) VALUES
(1, '4', '3AKONC6SB2ZNRW0EQ24H', 4, '20', '3.44', '23.44', '0.31', NULL, NULL, 0, '2017-10-21 09:34:25', '2017-10-21 09:34:25'),
(2, '4', '65L5FEAOCQN51YTW2RXM', 1, '1000', '17', '1017', '13.04', NULL, NULL, 0, '2017-10-22 04:26:55', '2017-10-22 04:26:55'),
(3, '4', 'STSJEOFU60STGYAQN3SZ', 4, '100', '5.2', '105.2', '1.4', NULL, NULL, 1, '2017-10-22 04:35:41', '2017-10-22 04:36:45'),
(4, '4', 'FJIEQQEFOD3GDV8AY6VR', 3, '10', '0.05', '10.05', '0.13', NULL, NULL, 0, '2017-10-22 04:39:03', '2017-10-22 04:39:03'),
(5, '4', '62COKGS2FFH2X1VC6PYS', 1, '10', '2.15', '12.15', '0.16', NULL, NULL, 0, '2017-10-22 05:03:54', '2017-10-22 05:03:54'),
(6, '4', '6N9K3KFMMLU7FA0IQQ9G', 4, '150', '6.3', '156.3', '2.08', NULL, NULL, 0, '2017-10-22 05:19:30', '2017-10-22 05:19:30'),
(7, '4', 'MUQUF72466P4NQJOHI6J', 3, '10', '0.05', '10.05', '0.13', NULL, NULL, 0, '2017-10-22 05:28:32', '2017-10-22 05:28:32'),
(8, '4', 'HEPAYL8ZQMONDTKI0LEJ', 4, '150000', '3303', '153303', '2044.04', NULL, NULL, 1, '2017-10-22 06:29:33', '2017-10-22 06:30:01'),
(9, '4', 'SOQ8I4HYGZ7E6TBOWTL9', 4, '1025', '25.55', '1050.55', '14.01', NULL, NULL, 1, '2017-10-22 09:14:59', '2017-10-22 09:15:20'),
(10, '4', 'FGEBVG7QGN4N7VVSBNMH', 4, '1022', '25.48', '1047.484', '13.97', NULL, NULL, 1, '2017-10-22 09:19:08', '2017-10-22 09:19:39'),
(11, '4', 'AQ7QSZI9CSS9SZ1M4XUJ', 11, '1025', '50.63', '1075.625', '1075.63', NULL, NULL, 0, '2017-10-22 09:19:49', '2017-10-22 09:19:49'),
(12, '4', '9BYQWDFP2FZW20HPMBVZ', 4, '1025', '25.55', '1050.55', '14.01', NULL, NULL, 1, '2017-10-22 09:39:14', '2017-10-22 09:39:47'),
(13, '4', 'KLHAPDY8TBNYPNBQEGQ1', 11, '1025', '50.63', '1075.625', '1075.63', NULL, NULL, 0, '2017-10-22 09:41:14', '2017-10-22 09:41:14'),
(14, '4', 'ITHNFTXTXSWG4JILKRDT', 3, '1025', '5.13', '1030.125', '12.88', NULL, NULL, 0, '2017-10-22 09:42:07', '2017-10-22 09:42:07'),
(15, '4', 'YURKFMQSK1RTGWRNPM22', 11, '1025', '50.63', '1075.625', '1075.63', NULL, NULL, 0, '2017-10-22 10:00:56', '2017-10-22 10:00:56'),
(16, '5', 'ASG8WXJQURV9VCHLHEOT', 4, '50000', '1103', '51103', '681.37', NULL, NULL, 1, '2017-10-22 11:04:12', '2017-10-22 11:04:35'),
(17, '4', 'WRUEGA68BHPDZNYJQ2H9', 10, '10025', '280.63', '10305.625', '10305.63', NULL, NULL, 0, '2017-10-23 06:42:23', '2017-10-23 06:42:23'),
(18, '4', 'J7KNXMPUXTPNQKD2MXPO', 10, '1025452', '25666.3', '1051118.3', '1051118.3', NULL, NULL, 0, '2017-10-23 06:42:50', '2017-10-23 06:42:50'),
(19, '4', 'X70LZ6JPYZLSYMPX59FR', 10, '120', '33', '153', '153', NULL, NULL, 0, '2017-10-24 04:07:15', '2017-10-24 04:07:15'),
(20, '4', 'OGJGJYJJYQZB0RBMXIOZ', 5, '500', '35', '535', '7.13', NULL, NULL, 0, '2017-10-24 04:08:18', '2017-10-24 04:08:18'),
(21, '4', '8OLQITXTO16PS9PKRPUN', 5, '450', '32.5', '482.5', '6.43', NULL, NULL, 0, '2017-10-24 04:09:14', '2017-10-24 04:09:14'),
(22, '4', 'ZYSREFKMBRIJGMAESCCK', 1, '150', '4.25', '154.25', '1.98', NULL, NULL, 0, '2017-10-24 04:45:51', '2017-10-24 04:45:51'),
(23, '6', 'OVBWMC2BZMJMLSJAVUGF', 5, '1520', '86', '1606', '21.41', NULL, NULL, 0, '2017-10-24 08:57:54', '2017-10-24 08:57:54'),
(24, '6', 'HWWXYJ6AIT82BOONPIE3', 5, '1520', '86', '1606', '21.41', NULL, NULL, 0, '2017-10-24 08:58:04', '2017-10-24 08:58:04'),
(25, '4', 'DFRMXV1POL9GZEIVD3GG', 10, '100', '32.5', '132.5', '132.5', NULL, NULL, 0, '2017-10-30 06:34:09', '2017-10-30 06:34:09'),
(26, '4', 'FDQUXWLYDORVNPGXFNAE', 1, '500', '9.5', '509.5', '6.79', NULL, NULL, 0, '2017-10-30 09:43:04', '2017-10-30 09:43:04'),
(27, '4', '5J9QY0M2SPN3NFG1VVXG', 1, '5000', '77', '5077', '67.69', NULL, NULL, 0, '2017-10-30 09:49:05', '2017-10-30 09:49:05'),
(28, '4', 'HIXEOMY0QIN7CWRFR4H7', 1, '5000', '77', '5077', '67.69', NULL, NULL, 0, '2017-10-30 09:49:37', '2017-10-30 09:49:37'),
(29, '4', 'BQF91NRMETW4XYIFOXYN', 11, '50', '26.25', '76.25', '76.25', NULL, NULL, 0, '2017-10-30 09:52:48', '2017-10-30 09:52:48'),
(30, '4', 'ROG6VUMLJHBEAWN7B9WU', 1, '2500', '39.5', '2539.5', '33.86', NULL, NULL, 0, '2017-10-30 09:53:09', '2017-10-30 09:53:09'),
(31, '4', 'T6RVRAI5TJCICTKOBRYW', 4, '1500', '36', '1536', '20.48', NULL, NULL, 0, '2017-10-30 09:58:14', '2017-10-30 09:58:14'),
(32, '4', 'WAGTQJAEV6DMNY8IDKTZ', 1, '2500', '39.5', '2539.5', '33.86', NULL, NULL, 0, '2017-10-30 09:58:59', '2017-10-30 09:58:59'),
(33, '4', 'QWJC9KU5ITM5ORFZXURI', 11, '500', '37.5', '537.5', '537.5', NULL, NULL, 0, '2017-10-30 10:00:49', '2017-10-30 10:00:49'),
(34, '4', 'HJOHEWMDRLNIXTYSWNLE', 10, '5555', '168.88', '5723.875', '5723.88', NULL, NULL, 0, '2017-10-30 10:01:20', '2017-10-30 10:01:20'),
(35, '4', 'AQWTUO3Q24GULKGDXXI3', 1, '500', '9.5', '509.5', '6.79', NULL, NULL, 0, '2017-10-30 10:03:15', '2017-10-30 10:03:15'),
(36, '4', 'CE1UBBJQ3YZEPAIHPMU5', 2, '5000', '140.5', '5140.5', '68.54', NULL, NULL, 0, '2017-10-30 10:11:06', '2017-10-30 10:11:06'),
(37, '4', '8Q7MPFRR887NQ7ESEEYQ', 3, '1500', '7.5', '1507.5', '18.84', NULL, NULL, 0, '2017-10-30 10:12:46', '2017-10-30 10:12:46'),
(38, '4', '2UKNIZ4WZWG5GJWHNHBF', 4, '5000', '113', '5113', '68.17', NULL, NULL, 0, '2017-10-30 10:18:12', '2017-10-30 10:18:12'),
(39, '4', '7ABRNXBICQ0M0XPPI9HX', 1, '10', '2.15', '12.15', '0.16', NULL, NULL, 0, '2017-10-30 10:21:22', '2017-10-30 10:21:22'),
(40, '4', 'ZUKHGGCH16HDN65HKILM', 3, '10', '0.05', '10.05', '0.13', NULL, NULL, 0, '2017-10-30 10:21:34', '2017-10-30 10:21:34'),
(41, '4', 'PY5N7USRX5IJKMIU4JNN', 3, '100', '0.5', '100.5', '1.26', NULL, NULL, 0, '2017-10-30 10:23:15', '2017-10-30 10:23:15'),
(42, '4', '5HCEIGGA4G5EZJNP9N4K', 5, '5000', '260', '5260', '70.13', NULL, NULL, 0, '2017-10-30 10:25:11', '2017-10-30 10:25:11'),
(43, '4', 'ULN9H7KDNYUIVXSIQRWF', 4, '100', '5.2', '105.2', '1.4', NULL, NULL, 0, '2017-10-30 10:50:17', '2017-10-30 10:50:17'),
(44, '4', 'A46JO4PRDMH8WBVUFAI9', 1, '100', '3.5', '103.5', '1.38', NULL, NULL, 0, '2017-10-30 10:50:27', '2017-10-30 10:50:27'),
(45, '4', '5KZM4OOOTOLJDVD8WC7T', 5, '1000', '150', '1150', '15.33', NULL, NULL, 0, '2017-10-31 06:56:03', '2017-10-31 06:56:03'),
(46, '4', '4MO7GE3QF3WDLMJFHS84', 10, '500', '42.5', '542.5', '542.5', NULL, NULL, 0, '2017-10-31 07:00:46', '2017-10-31 07:00:46'),
(47, '4', 'NMFETULNOFREAUEIMKRX', 5, '1000', '150', '1150', '15.33', NULL, NULL, 0, '2017-10-31 07:06:59', '2017-10-31 07:06:59'),
(48, '4', 'NDQFXO8FBKOBFMGHETJT', 3, '100', '0.5', '100.5', '1.26', NULL, NULL, 0, '2017-10-31 07:11:40', '2017-10-31 07:11:40'),
(49, '4', 'NAWFRDKH3BC5AXUEC4BG', 5, '100', '105', '205', '2.73', NULL, NULL, 0, '2017-10-31 07:22:48', '2017-10-31 07:22:48'),
(50, '4', '6QIJ4HNSHGYEHSL0FOE5', 10, '100', '32.5', '132.5', '132.5', NULL, NULL, 0, '2017-10-31 07:27:33', '2017-10-31 07:27:33'),
(51, '4', 'QLMINU28GROMI73GMMEA', 12, '1200', '50', '1250', '1582.28', NULL, NULL, 0, '2017-10-31 07:32:57', '2017-10-31 07:32:57'),
(52, '4', 'WRM7ZD3SNYXINXXCO5UX', 5, '1000', '150', '1150', '15.33', NULL, NULL, 0, '2017-10-31 07:35:24', '2017-10-31 07:35:24'),
(53, '4', 'XMJJRPVF5LBMLG5VKLUB', 12, '100', '22.5', '122.5', '155.06', NULL, NULL, 0, '2017-10-31 08:47:32', '2017-10-31 08:47:32'),
(54, '4', '7MFFQUW00VJVZ7IBOGOY', 5, '200', '110', '310', '4.13', NULL, NULL, 0, '2017-10-31 08:52:05', '2017-10-31 08:52:05'),
(55, '4', 'OIUTCMFCSNZOFII0KV0N', 5, '500', '125', '625', '8.33', NULL, NULL, 0, '2017-10-31 08:59:12', '2017-10-31 08:59:12'),
(56, '4', 'EDMJRFXN0EIQGSD7D9BJ', 5, '1000', '150', '1150', '15.33', NULL, NULL, 0, '2017-10-31 09:10:11', '2017-10-31 09:10:11'),
(57, '4', '66BPKRYFEOLEOKUBXWMF', 3, '1500', '7.5', '1507.5', '18.84', NULL, NULL, 0, '2017-10-31 09:12:17', '2017-10-31 09:12:17'),
(58, '4', 'TXBLEW4KGD0USJYB1FO7', 5, '1000', '150', '1150', '15.33', NULL, NULL, 0, '2017-10-31 10:18:27', '2017-10-31 10:18:27'),
(59, '4', '2AVHCZ7EUHON6F7AGM6Z', 3, '140', '0.7', '140.7', '1.76', NULL, NULL, 0, '2017-10-31 10:19:22', '2017-10-31 10:19:22'),
(60, '4', 'EQJHU3FHOV9LDMNIKG2D', 5, '100', '105', '205', '2.73', NULL, NULL, 0, '2017-10-31 10:24:21', '2017-10-31 10:24:21'),
(61, '4', 'A4VG2BPQZSHR7TBJ6RQ5', 10, '1500', '67.5', '1567.5', '1567.5', NULL, NULL, 0, '2017-10-31 10:49:35', '2017-10-31 10:49:35'),
(62, '4', 'HKGQHAFXROGBAKD5E8H8', 2, '500', '16.75', '516.75', '6.89', NULL, NULL, 0, '2017-10-31 10:51:21', '2017-10-31 10:51:21'),
(63, '4', '3WCCHTIHVXETT8DP4JQP', 5, '1000', '150', '1150', '15.33', NULL, NULL, 0, '2017-10-31 10:52:18', '2017-10-31 10:52:18'),
(64, '4', 'FBFVKXTBYAT8KEASCBWA', 5, '150', '107.5', '257.5', '3.43', NULL, NULL, 0, '2017-10-31 11:17:04', '2017-10-31 11:17:04'),
(65, '4', 'D6W95GSKVUFUN72D143M', 5, '100', '105', '205', '2.73', NULL, NULL, 0, '2017-10-31 11:32:59', '2017-10-31 11:32:59'),
(66, '4', 'VI1WKKDHFPQUUQ9DLFVW', 5, '1250', '162.5', '1412.5', '18.83', NULL, NULL, 0, '2017-11-01 08:53:25', '2017-11-01 08:53:25'),
(67, '8', '9VGBMD0LWHY75VJLWMZD', 1, '9000', '137', '9137', '121.83', NULL, NULL, 0, '2018-01-18 05:57:53', '2018-01-18 05:57:53'),
(68, '8', '2CG760OKAYHRPVVTOKA7', 10, '900', '52.5', '952.5', '952.5', NULL, NULL, 0, '2018-01-18 09:45:07', '2018-01-18 09:45:07'),
(69, '8', 'PEQOVKXKMXGSK7ZQFOBP', 3, '80', '0.4', '80.4', '1.01', NULL, NULL, 0, '2018-01-18 09:55:20', '2018-01-18 09:55:20'),
(70, '8', 'GB37HPFAX6VL8VT1D6CD', 1, '500', '9.5', '509.5', '6.79', NULL, NULL, 0, '2018-01-22 07:11:10', '2018-01-22 07:11:10'),
(71, '8', 'QV5YZ5J9E2T15VRCYB1F', 10, '200', '35', '235', '235', NULL, NULL, 0, '2018-01-25 09:14:08', '2018-01-25 09:14:08'),
(72, '8', 'AGW4IHDT77NAQ0ZZS1TD', 1, '200000', '3002', '203002', '2706.69', NULL, NULL, 0, '2018-02-18 13:54:06', '2018-02-18 13:54:06'),
(73, '8', 'BHOVRLMKIAZDNRMUVQLD', 2, '20000', '553', '20553', '274.04', NULL, NULL, 0, '2018-02-18 13:54:31', '2018-02-18 13:54:31'),
(74, '8', 'G63S2DGPQWHCU0FBUBMY', 3, '200000', '1000', '201000', '2512.5', NULL, NULL, 0, '2018-02-18 13:54:47', '2018-02-18 13:54:47'),
(75, '8', 'VFGPX2KAOKQIXCZKFUUC', 4, '20000', '443', '20443', '272.57', NULL, NULL, 0, '2018-02-18 13:55:10', '2018-02-18 13:55:10'),
(76, '8', 'JUFRRHKXRWP9TVCZHYHB', 10, '2222222', '55585.55', '2277807.55', '2277807.55', NULL, NULL, 0, '2018-02-18 13:55:42', '2018-02-18 13:55:42'),
(77, '8', 'JJJI57JZ8NL6Q681LLCX', 12, '200000', '5020', '205020', '259518.99', NULL, NULL, 0, '2018-02-18 13:55:56', '2018-02-18 13:55:56'),
(78, '8', 'HPUNZWLRSUJKWQMKFKWS', 6, '20000', '100', '20100', '251.25', NULL, NULL, 0, '2018-02-18 14:10:53', '2018-02-18 14:10:53'),
(79, '8', 'ZWITTVOLXK1R3UF7WO4R', 6, '20000', '100', '20100', '251.25', NULL, NULL, 0, '2018-02-19 02:21:16', '2018-02-19 02:21:16'),
(80, '8', 'WPIHM6D7KC5GKRATWEA6', 1, '2000', '32', '2032', '27.09', NULL, NULL, 0, '2018-02-19 02:22:29', '2018-02-19 02:22:29'),
(81, '8', 'U8UJGJ1XTXKUY4CGCFKB', 6, '20000', '100', '20100', '251.25', NULL, NULL, 0, '2018-02-19 02:24:27', '2018-02-19 02:24:27'),
(82, '8', '1CHYLOJFT8KSCXQ3WSTE', 6, '20000', '100', '20100', '251.25', NULL, NULL, 0, '2018-02-19 07:16:07', '2018-02-19 07:16:07'),
(83, '8', 'ZILPTPT222HXUNMIVKIX', 1, '2000', '32', '2032', '27.09', NULL, NULL, 0, '2018-02-19 07:16:33', '2018-02-19 07:16:33'),
(84, '8', 'KFYVBRCHEWMIAS8WTVKW', 6, '30000', '150', '30150', '376.88', NULL, NULL, 0, '2018-02-19 07:17:12', '2018-02-19 07:17:12'),
(85, '8', 'UPLIRMU8QZAPEGKHFO1O', 6, '200000', '1000', '201000', '2512.5', NULL, NULL, 0, '2018-02-19 07:37:39', '2018-02-19 07:37:39'),
(86, '8', 'EWFKPXAXUEJE8W5ZJ7QA', 6, '90', '0.45', '90.45', '1.13', NULL, NULL, 0, '2018-02-19 09:29:50', '2018-02-19 09:29:50'),
(87, '8', 'E5KFJI1USH7FAGCEXKXR', 6, '9900', '49.5', '9949.5', '124.37', NULL, NULL, 0, '2018-02-19 09:37:44', '2018-02-19 09:37:44'),
(88, '8', 'RTOSCTJEC8QQNTWS9GPY', 6, '100', '0.5', '100.5', '1.26', NULL, NULL, 0, '2018-02-19 09:44:14', '2018-02-19 09:44:14'),
(89, '8', 'LZRMXCHRNPRNLIJ5CMQU', 6, '200000', '1000', '201000', '2512.5', NULL, NULL, 0, '2018-02-19 09:50:58', '2018-02-19 09:50:58'),
(90, '8', 'JIQBSSVLRZ8YTAFI0NU1', 6, '2', '0.01', '2.01', '0.03', NULL, NULL, 0, '2018-02-19 10:08:06', '2018-02-19 10:08:06'),
(91, '8', 'MDGLRVK7CKQVBKKC2TJQ', 6, '20000', '100', '20100', '251.25', NULL, NULL, 0, '2018-02-19 10:08:30', '2018-02-19 10:08:30'),
(92, '8', 'JLGSM88QZHFPJKVQYXZX', 6, '90000', '450', '90450', '1130.63', NULL, NULL, 0, '2018-02-19 10:09:44', '2018-02-19 10:09:44'),
(93, '8', 'NBIFR4HJNZ7GSFZMRJZY', 6, '20000', '100', '20100', '251.25', NULL, NULL, 0, '2018-02-19 10:11:05', '2018-02-19 10:11:05'),
(94, '8', 'VGS7W5U6AWR6QCKTTQNT', 6, '30000', '150', '30150', '376.88', NULL, NULL, 0, '2018-02-19 10:11:35', '2018-02-19 10:11:35'),
(95, '8', 'VADUTIRESYJTL5XZYRVP', 6, '90000', '450', '90450', '1130.63', NULL, NULL, 0, '2018-02-19 10:12:19', '2018-02-19 10:12:19'),
(96, '8', 'WL1TD6VF6XZ3WXUT2Q95', 6, '90000', '450', '90450', '1130.63', NULL, NULL, 0, '2018-02-19 10:20:06', '2018-02-19 10:20:06'),
(97, '8', '9FVXACLTDENLNMJ1LZHT', 6, '90000', '450', '90450', '1130.63', NULL, NULL, 0, '2018-02-19 10:22:37', '2018-02-19 10:22:37'),
(98, '8', 'MXDFJYQTLDAIEBN1S1FK', 6, '8000', '40', '8040', '100.5', NULL, NULL, 0, '2018-02-19 10:38:25', '2018-02-19 10:38:25'),
(99, '8', 'FSWSHVWIFOCVMEQEVLVS', 6, '111', '0.56', '111.555', '1.39', NULL, NULL, 0, '2018-02-19 10:40:15', '2018-02-19 10:40:15'),
(100, '8', 'JMXXZM8SQQKUXDZ78ZAG', 6, '22222', '111.11', '22333.11', '279.16', NULL, NULL, 0, '2018-02-19 10:51:55', '2018-02-19 10:51:55'),
(101, '8', 'VFEFTDWK6S01LYFKPZ6D', 6, '70000', '350', '70350', '879.38', NULL, NULL, 2, '2018-02-19 10:57:05', '2018-02-19 10:57:14'),
(102, '8', 'OJRVLF2PTQWZESFOZHQK', 6, '600606', '3003.03', '603609.03', '7545.11', NULL, NULL, 2, '2018-02-19 10:58:53', '2018-02-19 10:59:07'),
(103, '8', 'ELCKOD3GPVBDSZQYFUIH', 6, '8989898', '44949.49', '9034847.49', '112935.59', NULL, NULL, 2, '2018-02-19 11:00:19', '2018-02-19 11:00:30'),
(104, '8', '0B6YA8ELRCPGWLPPZHIB', 6, '808080', '4040.4', '812120.4', '10151.51', NULL, NULL, 2, '2018-02-19 11:01:18', '2018-02-19 11:01:30'),
(105, '8', 'U1KUPW0TDS5NHBS4OJSH', 6, '80000', '400', '80400', '1005', NULL, NULL, 2, '2018-02-19 11:02:10', '2018-02-19 11:02:26'),
(106, '8', 'M7X4YYVTUPVRQO6CR8AM', 6, '80000', '400', '80400', '1005', NULL, NULL, 2, '2018-02-19 11:03:30', '2018-02-19 11:03:40'),
(107, '8', 'KOZQZ7BHZZDDPCFVOAIC', 6, '90900', '454.5', '91354.5', '1141.93', NULL, NULL, 2, '2018-02-19 11:04:33', '2018-02-19 11:04:42'),
(108, '8', 'RE6YD9Z9QIGJQNDSPPOJ', 6, '222222', '1111.11', '223333.11', '2791.66', NULL, NULL, 0, '2018-02-22 00:16:19', '2018-02-22 00:16:19'),
(109, '8', 'PBWUUTAKHFDZ1QG2OD8S', 6, '20000', '100', '20100', '251.25', NULL, NULL, 0, '2018-02-22 00:20:54', '2018-02-22 00:20:54'),
(110, '8', '5GTJYALAWSHS14HFSEB2', 6, '2000000', '10000', '2010000', '25125', NULL, NULL, 2, '2018-02-22 00:30:25', '2018-02-22 00:30:40'),
(111, '8', 'KHGO4WP4ZVILOHUNSRAP', 6, '90000', '450', '90450', '1130.63', NULL, NULL, 0, '2018-02-22 14:13:02', '2018-02-22 14:13:02'),
(112, '8', 'J35IBA4WZPTBUYRDB9HI', 6, '200000', '1000', '201000', '2512.5', NULL, NULL, 0, '2018-02-23 02:20:03', '2018-02-23 02:20:03'),
(113, '8', 'D6P9L6WPYWCABZOUNHJK', 6, '22222', '111.11', '22333.11', '279.16', NULL, NULL, 0, '2018-02-23 02:20:52', '2018-02-23 02:20:52');

-- --------------------------------------------------------

--
-- Struktur dari tabel `payment_methods`
--

CREATE TABLE `payment_methods` (
  `id` int(10) UNSIGNED NOT NULL,
  `name` varchar(255) COLLATE utf8_unicode_ci NOT NULL,
  `image` varchar(255) COLLATE utf8_unicode_ci NOT NULL,
  `rate` varchar(30) COLLATE utf8_unicode_ci DEFAULT NULL,
  `fix` varchar(100) COLLATE utf8_unicode_ci NOT NULL,
  `percent` varchar(100) COLLATE utf8_unicode_ci NOT NULL,
  `val1` text COLLATE utf8_unicode_ci NOT NULL,
  `val2` varchar(255) COLLATE utf8_unicode_ci DEFAULT NULL,
  `currency` varchar(255) COLLATE utf8_unicode_ci NOT NULL DEFAULT 'Method Currency',
  `status` tinyint(4) NOT NULL,
  `created_at` timestamp NULL DEFAULT NULL,
  `updated_at` timestamp NULL DEFAULT NULL
) ENGINE=InnoDB DEFAULT CHARSET=utf8 COLLATE=utf8_unicode_ci;

--
-- Dumping data untuk tabel `payment_methods`
--

INSERT INTO `payment_methods` (`id`, `name`, `image`, `rate`, `fix`, `percent`, `val1`, `val2`, `currency`, `status`, `created_at`, `updated_at`) VALUES
(1, 'PayPal', '59f809c931cb0.png', '75', '2', '1.5', 'admin@rexbd.com', NULL, 'Method Currency', 1, NULL, '2017-10-31 07:04:03'),
(2, 'Perfect Money', '1508826560h4.png', '75', '3', '2.75', 'U5220203', 'reg4e54h1grt1j', 'Method Currency', 1, NULL, '2017-10-31 05:43:13'),
(3, 'BITCOIN', '1508826576h5.png', '80', '0', '0.5', '8df2e5a0-3798-4b74-871d-973615b57e7b', 'xpub6CXLqfWXj1xgbYB8Pmg12ET6CGKPKfAJSXaizSWRLzUz9xf9wFJuXR2M4XQ1ThdcgyFN4Ej8zj6BjDoXEf2AikNGiYkSCG8vkCx4ZeFrZah', 'Method Currency', 1, NULL, '2017-10-31 05:57:55'),
(4, 'CARD', '1508740770h6.png', '75', '3', '2.20', 'sk_test_aat3tzBCCXXBkS4sxY3M8A1B', 'pk_test_AU3G7doZ1sbdpJLj0NaozPBu', 'Method Currency', 1, NULL, '2017-10-24 06:30:07'),
(5, 'Manual BTC', '1508740692h7.png', '75', '100', '5', 'SDLJSkkkkkkkkkkkADFSDAFAASDF', NULL, 'USD', 1, NULL, '2017-10-31 05:59:50'),
(6, 'MIDTRANS', '1518965919h7.png', '80', '0', '0.5', 'SB-Mid-client-rO8jiUkuxhZzfIcA', 'SB-Mid-server-V43R0tHsc_lNnzSH2LNZaG_j', 'Method Currency', 1, NULL, '2017-10-31 05:57:55'),
(10, 'BRI', '1508666201h7.png', '1', '30', '2.5', 'Account Name : Hadi Hartono </br>Account Number : 485265985741223652', '5888742512563', 'BDT', 1, '2017-07-24 22:25:20', '2018-01-18 09:36:24'),
(11, 'BCA', '1506107905h7.png', '1', '25', '2.5', 'Account Name : Hasan Rahman </br>Account Number : 85265985741223652', '7412896352145236', 'BDT', 0, '2017-07-24 22:26:09', '2018-01-18 09:41:55'),
(12, 'Mandiri', '1506107914h7.png', '0.79', '20', '2.5', 'Account Name : Indian Central Bank</br>Account Number  : 789563254122223', NULL, 'RUPI', 1, '2017-07-29 12:00:20', '2018-01-18 09:42:21'),
(13, 'BNI', '1506107984h7.jpg', '0', '0', '0', 'Account Name : Hasan Rahman <br>Account Number : 8563263322335822', NULL, 'BDT', 0, '2017-08-14 01:25:06', '2018-01-18 09:42:36');

-- --------------------------------------------------------

--
-- Struktur dari tabel `plans`
--

CREATE TABLE `plans` (
  `id` int(10) UNSIGNED NOT NULL,
  `name` varchar(191) COLLATE utf8mb4_unicode_ci NOT NULL,
  `image` varchar(100) COLLATE utf8mb4_unicode_ci NOT NULL,
  `minimum` varchar(191) COLLATE utf8mb4_unicode_ci NOT NULL,
  `maximum` varchar(191) COLLATE utf8mb4_unicode_ci NOT NULL,
  `percent` varchar(191) COLLATE utf8mb4_unicode_ci NOT NULL,
  `time` int(11) NOT NULL,
  `compound_id` int(5) NOT NULL,
  `status` tinyint(4) NOT NULL,
  `created_at` timestamp NULL DEFAULT NULL,
  `updated_at` timestamp NULL DEFAULT NULL
) ENGINE=InnoDB DEFAULT CHARSET=utf8mb4 COLLATE=utf8mb4_unicode_ci;

--
-- Dumping data untuk tabel `plans`
--

INSERT INTO `plans` (`id`, `name`, `image`, `minimum`, `maximum`, `percent`, `time`, `compound_id`, `status`, `created_at`, `updated_at`) VALUES
(1, 'Starter', '1506089926.png', '500', '75000', '150', 1, 3, 1, '2017-06-13 22:25:33', '2017-10-24 07:34:43'),
(2, 'Silver', '1508829595.png', '750004', '100000', '200', 1, 3, 1, '2017-06-13 22:37:42', '2017-10-24 07:19:55'),
(3, 'Gold', '1506089898.png', '100000', '1250000', '3', 100, 1, 1, '2017-06-13 22:41:00', '2017-09-22 08:18:18'),
(4, 'Platinum', '1506089875.png', '1250000', '1500000', '160', 1, 4, 1, '2017-06-13 22:41:54', '2017-09-22 08:17:56'),
(5, 'test plan', '1508837851.png', '20', '200', '10', 10, 3, 1, '2017-10-24 09:37:31', '2017-10-24 09:37:31'),
(7, 'SDFGFG', '1508846773.png', '5220', '120', '20', 20, 1, 1, '2017-10-24 12:06:13', '2017-10-24 12:06:13'),
(8, 'SDFGFG', '1508846773.png', '5220', '120', '20', 20, 1, 1, '2017-10-24 12:06:13', '2017-10-24 12:06:13'),
(9, 'SDFGFG', '1508846773.png', '5220', '120', '20', 20, 1, 1, '2017-10-24 12:06:13', '2017-10-24 12:06:13');

-- --------------------------------------------------------

--
-- Struktur dari tabel `repeats`
--

CREATE TABLE `repeats` (
  `id` int(10) UNSIGNED NOT NULL,
  `user_id` int(11) NOT NULL,
  `investment_id` varchar(191) COLLATE utf8mb4_unicode_ci NOT NULL,
  `repeat_time` datetime NOT NULL,
  `made_time` datetime DEFAULT NULL,
  `total_repeat` int(11) NOT NULL,
  `status` tinyint(1) NOT NULL DEFAULT '0',
  `created_at` timestamp NULL DEFAULT NULL,
  `updated_at` timestamp NULL DEFAULT NULL
) ENGINE=InnoDB DEFAULT CHARSET=utf8mb4 COLLATE=utf8mb4_unicode_ci;

--
-- Dumping data untuk tabel `repeats`
--

INSERT INTO `repeats` (`id`, `user_id`, `investment_id`, `repeat_time`, `made_time`, `total_repeat`, `status`, `created_at`, `updated_at`) VALUES
(1, 4, '1', '2017-10-29 12:31:07', NULL, 0, 0, '2017-10-22 06:31:07', '2017-10-22 06:31:07'),
(2, 4, '2', '2017-10-29 17:17:07', '2017-10-22 17:17:07', 1, 1, '2017-10-22 06:33:01', '2017-10-22 11:17:08'),
(3, 4, '3', '2017-10-29 12:35:13', NULL, 0, 0, '2017-10-22 06:35:13', '2017-10-22 06:35:13'),
(4, 4, '4', '2017-10-29 12:48:15', NULL, 0, 0, '2017-10-22 06:48:15', '2017-10-22 06:48:15'),
(5, 4, '5', '2017-10-29 12:54:14', NULL, 0, 0, '2017-10-22 06:54:14', '2017-10-22 06:54:14'),
(6, 4, '6', '2017-10-29 14:49:17', NULL, 0, 0, '2017-10-22 08:49:17', '2017-10-22 08:49:17'),
(7, 4, '7', '2017-10-29 15:14:07', NULL, 0, 0, '2017-10-22 09:14:07', '2017-10-22 09:14:07'),
(8, 5, '8', '2017-10-29 17:05:40', NULL, 0, 0, '2017-10-22 11:05:40', '2017-10-22 11:05:40'),
(9, 4, '9', '2017-10-31 15:54:07', '2017-10-24 15:54:07', 3, 0, '2017-10-22 11:18:40', '2017-10-24 09:54:07'),
(10, 4, '10', '2017-10-30 11:15:58', NULL, 0, 0, '2017-10-23 05:15:58', '2017-10-23 05:15:58'),
(11, 4, '11', '2017-10-31 16:18:47', '2017-10-24 16:18:47', 1, 1, '2017-10-24 04:04:36', '2017-10-24 10:18:47'),
(12, 4, '12', '2017-11-02 17:34:20', NULL, 0, 0, '2017-10-26 11:34:20', '2017-10-26 11:34:20'),
(13, 4, '13', '2017-11-12 13:00:34', NULL, 0, 0, '2017-11-05 07:00:34', '2017-11-05 07:00:34'),
(14, 4, '14', '2017-11-12 13:01:24', NULL, 0, 0, '2017-11-05 07:01:24', '2017-11-05 07:01:24');

-- --------------------------------------------------------

--
-- Struktur dari tabel `repeat_logs`
--

CREATE TABLE `repeat_logs` (
  `id` int(10) UNSIGNED NOT NULL,
  `user_id` int(11) NOT NULL,
  `trx_id` varchar(191) COLLATE utf8mb4_unicode_ci NOT NULL,
  `investment_id` int(11) NOT NULL,
  `amount` varchar(191) COLLATE utf8mb4_unicode_ci NOT NULL,
  `made_time` datetime NOT NULL,
  `created_at` timestamp NULL DEFAULT NULL,
  `updated_at` timestamp NULL DEFAULT NULL
) ENGINE=InnoDB DEFAULT CHARSET=utf8mb4 COLLATE=utf8mb4_unicode_ci;

--
-- Dumping data untuk tabel `repeat_logs`
--

INSERT INTO `repeat_logs` (`id`, `user_id`, `trx_id`, `investment_id`, `amount`, `made_time`, `created_at`, `updated_at`) VALUES
(1, 4, 'NOZTXUT8ZAC3OGWNIPC2', 2, '750', '2017-10-22 17:17:07', '2017-10-22 11:17:07', '2017-10-22 11:17:07'),
(2, 4, '3NSFZT8FEZJMDQFHXU36', 9, '750', '2017-10-22 17:19:00', '2017-10-22 11:19:00', '2017-10-22 11:19:00'),
(3, 4, 'RG1WRIBUL6IMPPKWJI9H', 9, '750', '2017-10-22 17:19:42', '2017-10-22 11:19:42', '2017-10-22 11:19:42'),
(4, 4, '9EXDF92GHTGYI3DWJNIP', 9, '50', '2017-10-24 15:54:07', '2017-10-24 09:54:07', '2017-10-24 09:54:07'),
(5, 4, 'T03PGRH2CMGTMJVNU5YE', 11, '750', '2017-10-24 16:18:47', '2017-10-24 10:18:47', '2017-10-24 10:18:47');

-- --------------------------------------------------------

--
-- Struktur dari tabel `services`
--

CREATE TABLE `services` (
  `id` int(10) UNSIGNED NOT NULL,
  `title` varchar(191) COLLATE utf8mb4_unicode_ci NOT NULL,
  `code` varchar(191) COLLATE utf8mb4_unicode_ci NOT NULL,
  `created_at` timestamp NULL DEFAULT NULL,
  `updated_at` timestamp NULL DEFAULT NULL
) ENGINE=InnoDB DEFAULT CHARSET=utf8mb4 COLLATE=utf8mb4_unicode_ci;

--
-- Dumping data untuk tabel `services`
--

INSERT INTO `services` (`id`, `title`, `code`, `created_at`, `updated_at`) VALUES
(1, 'Supper Fast Repeat', '<i class=\"fa fa-rocket\" aria-hidden=\"true\"></i>', '2017-09-27 23:35:45', '2017-09-27 23:35:45'),
(2, 'EASY SETUP', '<i class=\"fa fa-wrench\" aria-hidden=\"true\"></i>', '2017-09-27 23:35:59', '2017-11-05 06:44:10'),
(3, 'INVESTMENT', '<i class=\"fa fa-money\" aria-hidden=\"true\"></i>', '2017-09-27 23:36:08', '2017-11-05 06:44:27'),
(4, 'WITHDRAW', '<i class=\"fa fa-money\" aria-hidden=\"true\"></i>', '2017-09-27 23:36:15', '2017-11-05 06:44:55'),
(5, 'FULLY DYNAMIC', '<i class=\"fa fa-th\" aria-hidden=\"true\"></i>', '2017-09-27 23:36:23', '2017-11-05 06:45:49'),
(6, 'ADMIN DASHBOARD', '<i class=\"fa fa-th\" aria-hidden=\"true\"></i>', '2017-09-27 23:36:30', '2017-11-05 06:46:52'),
(7, 'PLANS', '<i class=\"fa fa-th\" aria-hidden=\"true\"></i>', '2017-09-27 23:36:39', '2017-11-05 06:47:06'),
(8, 'EASY SETUP', '<i class=\"fa fa-wrench\" aria-hidden=\"true\"></i>', '2017-11-05 06:47:51', '2017-11-05 06:47:51');

-- --------------------------------------------------------

--
-- Struktur dari tabel `sliders`
--

CREATE TABLE `sliders` (
  `id` int(10) UNSIGNED NOT NULL,
  `image` varchar(191) COLLATE utf8mb4_unicode_ci NOT NULL,
  `title` varchar(191) COLLATE utf8mb4_unicode_ci NOT NULL,
  `subtitle` varchar(191) COLLATE utf8mb4_unicode_ci NOT NULL,
  `created_at` timestamp NULL DEFAULT NULL,
  `updated_at` timestamp NULL DEFAULT NULL
) ENGINE=InnoDB DEFAULT CHARSET=utf8mb4 COLLATE=utf8mb4_unicode_ci;

--
-- Dumping data untuk tabel `sliders`
--

INSERT INTO `sliders` (`id`, `image`, `title`, `subtitle`, `created_at`, `updated_at`) VALUES
(5, '5a586817f2336.jpg', 'Bitrade Crypto Currency', 'All New Coins', '2017-10-17 06:04:53', '2018-01-12 06:47:35'),
(6, '5a586862d8ad2.jpg', 'New Payment', 'Hello to the world', '2017-10-17 06:06:15', '2018-01-12 06:48:50');

-- --------------------------------------------------------

--
-- Struktur dari tabel `socials`
--

CREATE TABLE `socials` (
  `id` int(10) UNSIGNED NOT NULL,
  `name` varchar(191) COLLATE utf8mb4_unicode_ci NOT NULL,
  `code` varchar(191) COLLATE utf8mb4_unicode_ci NOT NULL,
  `link` varchar(191) COLLATE utf8mb4_unicode_ci NOT NULL,
  `created_at` timestamp NULL DEFAULT NULL,
  `updated_at` timestamp NULL DEFAULT NULL
) ENGINE=InnoDB DEFAULT CHARSET=utf8mb4 COLLATE=utf8mb4_unicode_ci;

--
-- Dumping data untuk tabel `socials`
--

INSERT INTO `socials` (`id`, `name`, `code`, `link`, `created_at`, `updated_at`) VALUES
(3, 'Facebook', '<i class=\"fa fa-facebook\" aria-hidden=\"true\"></i>', 'https://www.facebook.com/gunsmedia', '2017-08-19 12:25:30', '2018-01-21 05:05:35'),
(5, 'twitter', '<i class=\"fa fa-twitter\" aria-hidden=\"true\"></i>', 'https://twitter.com/gunsmedia1', '2017-08-19 12:29:52', '2018-01-21 05:06:19'),
(8, 'instragram', '<i class=\"fa fa-instagram\" aria-hidden=\"true\"></i>', '#', '2017-08-19 13:28:44', '2017-08-19 13:28:44');

-- --------------------------------------------------------

--
-- Struktur dari tabel `supports`
--

CREATE TABLE `supports` (
  `id` int(10) UNSIGNED NOT NULL,
  `user_id` int(11) NOT NULL,
  `subject` varchar(191) COLLATE utf8mb4_unicode_ci NOT NULL,
  `ticket_number` varchar(191) COLLATE utf8mb4_unicode_ci NOT NULL,
  `status` tinyint(4) NOT NULL,
  `created_at` timestamp NULL DEFAULT NULL,
  `updated_at` timestamp NULL DEFAULT NULL
) ENGINE=InnoDB DEFAULT CHARSET=utf8mb4 COLLATE=utf8mb4_unicode_ci;

--
-- Dumping data untuk tabel `supports`
--

INSERT INTO `supports` (`id`, `user_id`, `subject`, `ticket_number`, `status`, `created_at`, `updated_at`) VALUES
(1, 4, 'getting some issue', 'JFPTSF0OCSEO', 2, '2017-10-22 08:36:26', '2017-10-22 08:36:53'),
(2, 4, 'sadf', '09ZWDIJH5ASF', 1, '2017-10-22 08:39:01', '2017-10-22 08:39:01'),
(3, 4, 'ASDF', 'IHQYV6TRYDJ2', 3, '2017-10-22 08:48:31', '2017-10-22 09:36:01'),
(4, 4, 'sadfasdf', 'GI1AASKVI8NQ', 9, '2017-10-22 09:36:16', '2017-10-22 09:46:12');

-- --------------------------------------------------------

--
-- Struktur dari tabel `support_messages`
--

CREATE TABLE `support_messages` (
  `id` int(10) UNSIGNED NOT NULL,
  `support_id` int(11) NOT NULL,
  `ticket_number` varchar(191) COLLATE utf8mb4_unicode_ci NOT NULL,
  `message` text COLLATE utf8mb4_unicode_ci NOT NULL,
  `type` int(1) NOT NULL,
  `created_at` timestamp NULL DEFAULT NULL,
  `updated_at` timestamp NULL DEFAULT NULL
) ENGINE=InnoDB DEFAULT CHARSET=utf8mb4 COLLATE=utf8mb4_unicode_ci;

--
-- Dumping data untuk tabel `support_messages`
--

INSERT INTO `support_messages` (`id`, `support_id`, `ticket_number`, `message`, `type`, `created_at`, `updated_at`) VALUES
(1, 1, 'JFPTSF0OCSEO', 'hello this is test issue', 1, '2017-10-22 08:36:26', '2017-10-22 08:36:26'),
(2, 1, 'JFPTSF0OCSEO', 'ok i will check it later', 2, '2017-10-22 08:36:53', '2017-10-22 08:36:53'),
(3, 2, '09ZWDIJH5ASF', 'sadfsadf', 1, '2017-10-22 08:39:01', '2017-10-22 08:39:01'),
(4, 3, 'IHQYV6TRYDJ2', 'SADF', 1, '2017-10-22 08:48:31', '2017-10-22 08:48:31'),
(5, 3, 'IHQYV6TRYDJ2', 'asdfdsaf', 1, '2017-10-22 09:36:01', '2017-10-22 09:36:01'),
(6, 4, 'GI1AASKVI8NQ', 'sadf', 1, '2017-10-22 09:36:16', '2017-10-22 09:36:16');

-- --------------------------------------------------------

--
-- Struktur dari tabel `testimonials`
--

CREATE TABLE `testimonials` (
  `id` int(10) UNSIGNED NOT NULL,
  `name` varchar(191) COLLATE utf8mb4_unicode_ci NOT NULL,
  `image` varchar(191) COLLATE utf8mb4_unicode_ci NOT NULL,
  `position` varchar(100) COLLATE utf8mb4_unicode_ci NOT NULL,
  `message` blob NOT NULL,
  `created_at` timestamp NULL DEFAULT NULL,
  `updated_at` timestamp NULL DEFAULT NULL
) ENGINE=InnoDB DEFAULT CHARSET=utf8mb4 COLLATE=utf8mb4_unicode_ci;

--
-- Dumping data untuk tabel `testimonials`
--

INSERT INTO `testimonials` (`id`, `name`, `image`, `position`, `message`, `created_at`, `updated_at`) VALUES
(2, 'Hasan Rahman', '1506617979.jpg', 'CEO, Night Guard', 0x4c6f72656d20497073756d2069732073696d706c792064756d6d792074657874206f6620746865207072696e74696e6720616e64207479706573657474696e6720696e6475737472792e204c6f72656d20497073756d20686173206265656e2074686520696e6475737472792773207374616e646172642064756d6d79207465787420657665722073696e6365207468652031353030732c207768656e20616e20756e6b6e6f776e207072696e74657220746f6f6b2e, '2017-09-28 16:59:39', '2017-09-28 16:59:39'),
(3, 'Usman Khaja', '1506618005.png', 'Night Guard', 0x4c6f72656d20497073756d2069732073696d706c792064756d6d792074657874206f6620746865207072696e74696e6720616e64207479706573657474696e6720696e6475737472792e204c6f72656d20497073756d20686173206265656e2074686520696e6475737472792773207374616e646172642064756d6d79207465787420657665722073696e6365207468652031353030732c207768656e20616e20756e6b6e6f776e207072696e74657220746f6f6b2e3c62723e, '2017-09-28 17:00:05', '2017-09-28 17:00:05'),
(4, 'Usman Khaja', '1506618029.png', 'Night Guard', 0x4c6f72656d20497073756d2069732073696d706c792064756d6d792074657874206f6620746865207072696e74696e6720616e64207479706573657474696e6720696e6475737472792e204c6f72656d20497073756d20686173206265656e2074686520696e6475737472792773207374616e646172642064756d6d79207465787420657665722073696e6365207468652031353030732c207768656e20616e20756e6b6e6f776e207072696e74657220746f6f6b2e3c62723e, '2017-09-28 17:00:29', '2017-09-28 17:00:29');

-- --------------------------------------------------------

--
-- Struktur dari tabel `users`
--

CREATE TABLE `users` (
  `id` int(10) UNSIGNED NOT NULL,
  `name` varchar(191) COLLATE utf8mb4_unicode_ci NOT NULL,
  `nama_baru` varchar(100) COLLATE utf8mb4_unicode_ci DEFAULT NULL,
  `alasan_ganti_nama` text COLLATE utf8mb4_unicode_ci,
  `username` varchar(100) COLLATE utf8mb4_unicode_ci NOT NULL,
  `google2fa_secret` text COLLATE utf8mb4_unicode_ci,
  `email` varchar(191) COLLATE utf8mb4_unicode_ci NOT NULL,
  `phone` varchar(100) COLLATE utf8mb4_unicode_ci NOT NULL,
  `image` varchar(100) COLLATE utf8mb4_unicode_ci NOT NULL DEFAULT 'user-default.png',
  `password` varchar(191) COLLATE utf8mb4_unicode_ci NOT NULL,
  `reference` varchar(100) COLLATE utf8mb4_unicode_ci NOT NULL,
  `no_ktp` int(11) DEFAULT NULL,
  `ktp_image` text COLLATE utf8mb4_unicode_ci,
  `place_birth` varchar(100) COLLATE utf8mb4_unicode_ci DEFAULT NULL,
  `date_birth` varchar(50) COLLATE utf8mb4_unicode_ci DEFAULT NULL,
  `sex` varchar(1) COLLATE utf8mb4_unicode_ci DEFAULT 'L',
  `nationality` varchar(100) COLLATE utf8mb4_unicode_ci DEFAULT NULL,
  `verify_photo` text COLLATE utf8mb4_unicode_ci,
  `under_reference` int(11) DEFAULT NULL,
  `identity_verify` tinyint(1) DEFAULT NULL,
  `email_verify` tinyint(1) DEFAULT NULL,
  `email_code` varchar(100) COLLATE utf8mb4_unicode_ci DEFAULT NULL,
  `email_time` datetime DEFAULT NULL,
  `phone_verify` tinyint(1) DEFAULT NULL,
  `phone_code` varchar(100) COLLATE utf8mb4_unicode_ci DEFAULT NULL,
  `phone_time` datetime DEFAULT NULL,
  `balance` varchar(100) COLLATE utf8mb4_unicode_ci NOT NULL DEFAULT '0',
  `status` tinyint(1) NOT NULL DEFAULT '0',
  `login_time` datetime DEFAULT NULL,
  `remember_token` varchar(100) COLLATE utf8mb4_unicode_ci DEFAULT NULL,
  `created_at` timestamp NULL DEFAULT NULL,
  `updated_at` timestamp NULL DEFAULT NULL
) ENGINE=InnoDB DEFAULT CHARSET=utf8mb4 COLLATE=utf8mb4_unicode_ci;

--
-- Dumping data untuk tabel `users`
--

INSERT INTO `users` (`id`, `name`, `nama_baru`, `alasan_ganti_nama`, `username`, `google2fa_secret`, `email`, `phone`, `image`, `password`, `reference`, `no_ktp`, `ktp_image`, `place_birth`, `date_birth`, `sex`, `nationality`, `verify_photo`, `under_reference`, `identity_verify`, `email_verify`, `email_code`, `email_time`, `phone_verify`, `phone_code`, `phone_time`, `balance`, `status`, `login_time`, `remember_token`, `created_at`, `updated_at`) VALUES
(1, 'Rifayet Rifat', '', '', 'admin', NULL, 'thesoftking@gmail.comx', '0171617171717', 'user-default.png', '$2y$10$isr001zz3XleM6QMGeszQuFtdG4DexWfcKRVG8ILqV6fF4PUmVxDG', 'thesoftking', 0, '', '', '', 'L', '', '', 0, 0, 1, 'WKPE7C', '2017-10-06 22:31:43', 1, 'HBWHUB', '2017-10-06 22:31:43', '0', 0, NULL, 'hrw3pl9CKTNFAWsdjlAelskkxW0WUsw3OtuKe61HtYGwX4J6d1duVWKWANcx', '2017-10-07 03:26:43', '2017-10-24 05:47:23'),
(2, 'admin', '', '', 'admin', NULL, 'admin@gmail.com', '84864815681816185', 'user-default.png', '$2y$10$rEvV9PTGEF0VOSge0xsn0.1Im6tak/koXIB4.7Z6NChMPZkqbm1zS', 'admin', 0, '', '', '', 'L', '', '', 0, 0, 1, 'PU9FYH', '2017-10-08 00:10:52', 1, 'BYWO8N', '2017-10-08 00:10:52', '10', 0, NULL, NULL, '2017-10-08 05:05:52', '2017-10-08 05:08:05'),
(3, 'HostRecline', '', '', 'HostRecline', NULL, 'sales@hostrecline.com', 'HostReclineHostReclineHostRecline', 'user-default.png', '$2y$10$pC3KSJl1JfzWjf7Kz.J3ieoknztPfkD3FuGeXU0ZjBV418xiABQR.', 'HostRecline', 0, '', '', '', 'L', '', '', 2, 0, 1, 'ENKIM2', '2017-10-08 00:13:05', 1, 'MTURZZ', '2017-10-08 00:13:05', '0', 0, NULL, NULL, '2017-10-08 05:08:05', '2017-10-08 05:08:05'),
(4, 'riyad uddin', '', '', 'riyad', NULL, 'riyad@gmail.com', '1582006532633', 'user-default.png', '$2y$10$qsnIL8ZLFk8FchX4C.XEju/PgyvL0WsdrRDQEw3xx1ONGVBQTam76', 'riyad', 0, '', '', '', 'L', '', '', 0, 0, 1, 'HVEMHZ', '2017-10-16 10:47:22', 1, 'DIB4LU', '2017-10-16 10:47:22', '105603.36000000002', 0, '2017-11-05 13:00:17', 'PCf6OmpbCGvoTAHp1Gf0nuFd4nlhoY0S5nUeg7rPaO9zuFy6fxzVPlSOGgAF', '2017-10-16 04:42:22', '2017-11-05 07:12:12'),
(5, 'pial', '', '', 'pialhh', NULL, 'pial@gmail.com', '52525522552', 'user-default.png', '$2y$10$09.uJBc/P5/Z17WIX4CreuF8hQRZCCd8ImTwktWdo17LdVYI7XswK', 'pialhh', 0, '', '', '', 'L', '', '', 4, 0, 1, 'EWFWWW', '2017-10-22 17:07:42', 1, 'UCMOOS', '2017-10-22 17:07:42', '49000', 0, NULL, NULL, '2017-10-22 11:02:43', '2017-10-24 05:47:26'),
(6, 'Pranto Roy  thesoftking', '', '', 'prantoroy', NULL, 'pranto@live.com', '018123655282', 'prantoroy.jpg', '$2y$10$xEntnFm9lJ1ORJ.uvb6i8um5sRIrrHpPb7Fnuuqi4zxog2TvxMEQm', 'prantoroy', 0, '', '', '', 'L', '', '', 4, 0, 1, 'UVDVMG', '2017-10-24 14:59:10', 1, 'ZQEYFM', '2017-10-24 14:59:10', '3160', 0, NULL, NULL, '2017-10-24 08:54:10', '2017-10-24 12:09:23'),
(7, 'Rifayet Rifat', '', '', 'support', NULL, 'thesoftking@gmail.com', '123456786543', 'user-default.png', '$2y$10$Ff9eqWytHvMlMSY7hdcRpeCJApmPJsfJzWZz2epDLSgmcL/ojyb9O', 'support', 0, '', '', '', 'L', '', '', 0, 0, 1, '7QKR88', '2017-11-05 13:50:42', 1, 'PDENCO', '2017-11-05 13:50:42', '0', 0, NULL, NULL, '2017-11-05 19:45:42', '2017-11-05 19:45:42'),
(8, 'Alvin Corwin', NULL, NULL, 'gunsmedia', 'XHXJCGTJIPMOLY2E', 'gunsmedia1@gmail.com', '081378441729', 'user-default.png', '$2y$10$6fMbZv00/LkQ0PDcvqDeXOCmP8iAGYzyCV8pntv4gCRbcxlg2K9Rm', 'gunsmedia', 111111, 'Alvin Corwin.jpg', 'Jakarta', '01-03-1991', 'm', 'Indonesia', 'Alvin Corwin.jpg', 0, 1, 1, 'FO7PCH', '2018-01-18 12:53:29', 1, 'P17I1P', '2018-01-18 12:53:29', '10', 0, '2018-03-08 11:03:27', 'zwOBxOC5c2YGH4WYXhWs3M9SPny5RGtur1yq1l3KN3HKfyrKvF69qQePuNph', '2018-01-18 05:48:29', '2018-03-08 04:03:27'),
(9, 'Hadi Hartono', '', '', 'hadi07', NULL, 'info@nayaindonusa.com', '0818820654', 'user-default.png', '$2y$10$K39vAjV3x.hjOlVmO6FAgOwKM8KdI76oA6f0T5cWijo2O62ImF5Va', 'hadi07', 0, '', '', '', 'L', '', '', 0, 0, 1, 'FV5SHG', '2018-01-22 14:14:20', 1, 'WR219D', '2018-01-22 14:14:20', '0', 0, NULL, NULL, '2018-01-22 07:09:20', '2018-02-14 03:47:57'),
(10, 'haloha', NULL, NULL, 'haloha', NULL, 'haloha@gmail.com', '81212590375', 'user-default.png', '$2y$10$8YJQeZfOGQ/5CssNVUGjxOPvvshMy..dcNG1pBDfmfJBIGFo9eX7i', 'haloha', NULL, NULL, NULL, NULL, 'L', NULL, NULL, 8, NULL, 1, '4PMXLP', '2018-03-02 09:17:58', 1, 'MRUNCI', '2018-03-02 09:17:58', '0', 0, NULL, 'o53D6nHdpfz7yfdMlRvDwmljJEWkhFXYXgCmeAehqQw2eI1jgjkTj55z3P61', '2018-03-02 02:12:59', '2018-03-02 02:12:59');

-- --------------------------------------------------------

--
-- Struktur dari tabel `user_logins`
--

CREATE TABLE `user_logins` (
  `id` int(10) UNSIGNED NOT NULL,
  `user_id` int(11) NOT NULL,
  `user_ip` varchar(191) COLLATE utf8mb4_unicode_ci NOT NULL,
  `location` varchar(191) COLLATE utf8mb4_unicode_ci NOT NULL,
  `details` varchar(191) COLLATE utf8mb4_unicode_ci NOT NULL,
  `created_at` timestamp NULL DEFAULT NULL,
  `updated_at` timestamp NULL DEFAULT NULL
) ENGINE=InnoDB DEFAULT CHARSET=utf8mb4 COLLATE=utf8mb4_unicode_ci;

--
-- Dumping data untuk tabel `user_logins`
--

INSERT INTO `user_logins` (`id`, `user_id`, `user_ip`, `location`, `details`, `created_at`, `updated_at`) VALUES
(1, 4, '::1', ' -  -  -  ', 'Firefox on Windows 10', '2017-10-17 07:00:26', '2017-10-17 07:00:26'),
(2, 4, '::1', ' -  -  -  ', 'Firefox on Windows 10', '2017-10-17 07:06:25', '2017-10-17 07:06:25'),
(3, 4, '::1', ' -  -  -  ', 'Firefox on Windows 10', '2017-10-17 07:24:27', '2017-10-17 07:24:27'),
(4, 4, '::1', ' -  -  -  ', 'Firefox on Windows 10', '2017-10-17 09:14:01', '2017-10-17 09:14:01'),
(5, 4, '::1', ' -  -  -  ', 'Firefox on Windows 10', '2017-10-21 06:04:23', '2017-10-21 06:04:23'),
(6, 4, '::1', ' -  -  -  ', 'Firefox on Windows 10', '2017-10-21 08:11:25', '2017-10-21 08:11:25'),
(7, 4, '::1', ' -  -  -  ', 'Firefox on Windows 10', '2017-10-21 08:11:40', '2017-10-21 08:11:40'),
(8, 4, '::1', ' -  -  -  ', 'Firefox on Windows 10', '2017-10-21 08:14:06', '2017-10-21 08:14:06'),
(9, 4, '::1', ' -  -  -  ', 'Firefox on Windows 10', '2017-10-22 05:32:26', '2017-10-22 05:32:26'),
(10, 4, '::1', ' -  -  -  ', 'Firefox on Windows 10', '2017-10-22 05:34:21', '2017-10-22 05:34:21'),
(11, 4, '::1', ' -  -  -  ', 'Firefox on Windows 10', '2017-10-22 09:28:17', '2017-10-22 09:28:17'),
(12, 4, '::1', ' -  -  -  ', 'Firefox on Windows 10', '2017-10-22 10:00:09', '2017-10-22 10:00:09'),
(13, 4, '::1', ' -  -  -  ', 'Firefox on Windows 10', '2017-10-22 10:31:47', '2017-10-22 10:31:47'),
(14, 4, '::1', ' -  -  -  ', 'Firefox on Windows 10', '2017-10-23 04:32:48', '2017-10-23 04:32:48'),
(15, 4, '::1', ' -  -  -  ', 'Firefox on Windows 10', '2017-10-23 06:39:09', '2017-10-23 06:39:09'),
(16, 4, '::1', ' -  -  -  ', 'Firefox on Windows 10', '2017-10-24 06:39:11', '2017-10-24 06:39:11'),
(17, 4, '::1', ' -  -  -  ', 'Firefox on Windows 10', '2017-10-24 08:53:26', '2017-10-24 08:53:26'),
(18, 4, '::1', ' -  -  -  ', 'Firefox on Windows 10', '2017-10-24 10:41:22', '2017-10-24 10:41:22'),
(19, 4, '::1', ' -  -  -  ', 'Firefox on Windows 10', '2017-10-25 04:24:45', '2017-10-25 04:24:45'),
(20, 4, '::1', ' -  -  -  ', 'Firefox on Windows 10', '2017-10-26 11:21:27', '2017-10-26 11:21:27'),
(21, 4, '::1', ' -  -  -  ', 'Firefox on Windows 10', '2017-10-26 11:28:35', '2017-10-26 11:28:35'),
(22, 4, '::1', ' -  -  -  ', 'Firefox on Windows 10', '2017-10-29 10:34:07', '2017-10-29 10:34:07'),
(23, 4, '::1', ' -  -  -  ', 'Firefox on Windows 10', '2017-10-30 05:38:59', '2017-10-30 05:38:59'),
(24, 4, '::1', ' -  -  -  ', 'Firefox on Windows 10', '2017-10-30 06:33:01', '2017-10-30 06:33:01'),
(25, 4, '::1', ' -  -  -  ', 'Firefox on Windows 10', '2017-10-30 09:37:27', '2017-10-30 09:37:27'),
(26, 4, '::1', ' -  -  -  ', 'Firefox on Windows 10', '2017-10-30 09:42:57', '2017-10-30 09:42:57'),
(27, 4, '::1', ' -  -  -  ', 'Firefox on Windows 10', '2017-10-30 10:49:54', '2017-10-30 10:49:54'),
(28, 4, '::1', ' -  -  -  ', 'Firefox on Windows 10', '2017-10-31 06:50:09', '2017-10-31 06:50:09'),
(29, 4, '::1', ' -  -  -  ', 'Firefox on Windows 10', '2017-10-31 06:55:54', '2017-10-31 06:55:54'),
(30, 4, '::1', ' -  -  -  ', 'Firefox on Windows 10', '2017-10-31 10:18:20', '2017-10-31 10:18:20'),
(31, 4, '::1', ' -  -  -  ', 'Firefox on Windows 10', '2017-10-31 11:32:45', '2017-10-31 11:32:45'),
(32, 4, '::1', ' -  -  -  ', 'Firefox on Windows 10', '2017-11-01 08:53:05', '2017-11-01 08:53:05'),
(33, 4, '::1', ' -  -  -  ', 'Firefox on Windows 10', '2017-11-05 07:00:17', '2017-11-05 07:00:17'),
(34, 8, '114.124.244.4', 'Bergas-kidul - 0 - Indonesia - ID ', 'Handheld Browser on Android', '2018-01-18 08:54:01', '2018-01-18 08:54:01'),
(35, 8, '182.253.62.135', 'Kepatihan - 0 - Indonesia - ID ', 'Chrome on Windows 7', '2018-01-18 09:44:10', '2018-01-18 09:44:10'),
(36, 8, '182.253.62.135', 'Kepatihan - 0 - Indonesia - ID ', 'Firefox on Windows 7', '2018-01-18 09:49:04', '2018-01-18 09:49:04'),
(37, 8, '36.72.215.212', 'Bandung - 0 - Indonesia - ID ', 'Chrome on Windows 7', '2018-01-22 07:04:24', '2018-01-22 07:04:24'),
(38, 8, '119.2.52.50', 'Yogyakarta - 0 - Indonesia - ID ', 'Chrome on Windows 7', '2018-01-25 09:01:03', '2018-01-25 09:01:03'),
(39, 8, '125.163.237.79', 'Sleman - 0 - Indonesia - ID ', 'Chrome on Windows 7', '2018-02-01 06:37:29', '2018-02-01 06:37:29'),
(40, 8, '125.166.233.34', 'Balapulang - 0 - Indonesia - ID ', 'Chrome on Windows 7', '2018-02-01 06:53:29', '2018-02-01 06:53:29'),
(41, 8, '223.255.230.68', 'Jakarta - 0 - Indonesia - ID ', 'Chrome on Linux', '2018-02-01 08:53:04', '2018-02-01 08:53:04'),
(42, 8, '::1', ' -  -  -  ', 'Chrome on Linux', '2018-02-08 06:29:20', '2018-02-08 06:29:20'),
(43, 8, '::1', ' -  -  -  ', 'Chrome on Linux', '2018-02-09 00:03:22', '2018-02-09 00:03:22'),
(44, 8, '::1', ' -  -  -  ', 'Chrome on Linux', '2018-02-09 04:21:56', '2018-02-09 04:21:56'),
(45, 8, '::1', ' -  -  -  ', 'Chrome on Linux', '2018-02-09 04:22:03', '2018-02-09 04:22:03'),
(46, 8, '::1', ' -  -  -  ', 'Chrome on Linux', '2018-02-11 00:43:10', '2018-02-11 00:43:10'),
(47, 8, '::1', ' -  -  -  ', 'Chrome on Linux', '2018-02-11 06:14:58', '2018-02-11 06:14:58'),
(48, 8, '::1', ' -  -  -  ', 'Chrome on Linux', '2018-02-11 09:01:39', '2018-02-11 09:01:39'),
(49, 8, '::1', ' -  -  -  ', 'Chrome on Linux', '2018-02-12 01:58:48', '2018-02-12 01:58:48'),
(50, 8, '::1', ' -  -  -  ', 'Chrome on Linux', '2018-02-12 03:07:18', '2018-02-12 03:07:18'),
(51, 8, '::1', ' -  -  -  ', 'Chrome on Linux', '2018-02-12 05:39:32', '2018-02-12 05:39:32'),
(52, 8, '::1', ' -  -  -  ', 'Chrome on Linux', '2018-02-12 05:56:53', '2018-02-12 05:56:53'),
(53, 8, '::1', ' -  -  -  ', 'Chrome on Linux', '2018-02-14 03:28:39', '2018-02-14 03:28:39'),
(54, 8, '::1', ' -  -  -  ', 'Chrome on Linux', '2018-02-14 13:53:25', '2018-02-14 13:53:25'),
(55, 8, '::1', ' -  -  -  ', 'Chrome on Linux', '2018-02-15 01:10:40', '2018-02-15 01:10:40'),
(56, 8, '::1', ' -  -  -  ', 'Chrome on Linux', '2018-02-18 13:52:29', '2018-02-18 13:52:29'),
(57, 8, '::1', ' -  -  -  ', 'Chrome on Linux', '2018-02-19 02:21:05', '2018-02-19 02:21:05'),
(58, 8, '::1', ' -  -  -  ', 'Chrome on Linux', '2018-02-22 00:16:11', '2018-02-22 00:16:11'),
(59, 8, '::1', ' -  -  -  ', 'Chrome on Linux', '2018-02-22 14:03:22', '2018-02-22 14:03:22'),
(60, 8, '::1', ' -  -  -  ', 'Chrome on Linux', '2018-02-22 23:36:28', '2018-02-22 23:36:28'),
(61, 8, '::1', ' -  -  -  ', 'Chrome on Linux', '2018-02-24 13:16:20', '2018-02-24 13:16:20'),
(62, 8, '::1', ' -  -  -  ', 'Chrome on Linux', '2018-02-26 02:39:41', '2018-02-26 02:39:41'),
(63, 8, '::1', ' -  -  -  ', 'Chrome on Linux', '2018-02-26 05:44:19', '2018-02-26 05:44:19'),
(64, 8, '::1', ' -  -  -  ', 'Chrome on Linux', '2018-02-26 06:19:40', '2018-02-26 06:19:40'),
(65, 8, '::1', ' -  -  -  ', 'Chrome on Linux', '2018-02-26 06:20:18', '2018-02-26 06:20:18'),
(66, 8, '::1', ' -  -  -  ', 'Chrome on Linux', '2018-02-27 01:34:49', '2018-02-27 01:34:49'),
(67, 8, '::1', ' -  -  -  ', 'Chrome on Linux', '2018-02-27 05:30:45', '2018-02-27 05:30:45'),
(68, 8, '::1', ' -  -  -  ', 'Chrome on Linux', '2018-02-27 06:13:39', '2018-02-27 06:13:39'),
(69, 8, '::1', ' -  -  -  ', 'Chrome on Linux', '2018-02-27 14:19:07', '2018-02-27 14:19:07'),
(70, 8, '::1', ' -  -  -  ', 'Chrome on Linux', '2018-03-06 01:47:00', '2018-03-06 01:47:00'),
(71, 8, '::1', ' -  -  -  ', 'Chrome on Linux', '2018-03-06 09:54:52', '2018-03-06 09:54:52'),
(72, 8, '::1', ' -  -  -  ', 'Chrome on Linux', '2018-03-08 04:03:27', '2018-03-08 04:03:27');

-- --------------------------------------------------------

--
-- Struktur dari tabel `user_logs`
--

CREATE TABLE `user_logs` (
  `id` int(10) UNSIGNED NOT NULL,
  `user_id` int(11) NOT NULL,
  `transaction_id` varchar(255) COLLATE utf8mb4_unicode_ci NOT NULL,
  `amount` varchar(191) COLLATE utf8mb4_unicode_ci NOT NULL,
  `amount_type` tinyint(4) NOT NULL,
  `charge` varchar(191) COLLATE utf8mb4_unicode_ci DEFAULT NULL,
  `post_bal` varchar(100) COLLATE utf8mb4_unicode_ci NOT NULL DEFAULT '0',
  `description` text COLLATE utf8mb4_unicode_ci NOT NULL,
  `created_at` timestamp NULL DEFAULT NULL,
  `updated_at` timestamp NULL DEFAULT NULL
) ENGINE=InnoDB DEFAULT CHARSET=utf8mb4 COLLATE=utf8mb4_unicode_ci;

--
-- Dumping data untuk tabel `user_logs`
--

INSERT INTO `user_logs` (`id`, `user_id`, `transaction_id`, `amount`, `amount_type`, `charge`, `post_bal`, `description`, `created_at`, `updated_at`) VALUES
(1, 2, 'PPMOXSRKDTD3UXCQNW2J', '10', 3, NULL, '10', '10 BDT Bonus For Reference Join. ', '2017-10-08 05:08:05', '2017-10-08 05:08:05'),
(2, 4, 'STSJEOFU60STGYAQN3SZ', '100', 1, '5.2', '100', 'Deposit 100 BDT . By Credit Card.', '2017-10-22 04:36:45', '2017-10-22 04:36:45'),
(3, 4, 'HEPAYL8ZQMONDTKI0LEJ', '150000', 1, '3303', '150100', 'Deposit 150000 BDT . By Credit Card.', '2017-10-22 06:30:01', '2017-10-22 06:30:01'),
(4, 4, 'TLWRPGZ5XPHQEG9VBEZL', '1200', 14, NULL, '148900', '1200 BDT Invest Under Starter Plan.', '2017-10-22 06:31:07', '2017-10-22 06:31:07'),
(5, 4, '5STYCDDMMPDYRQONVRQU', '500', 14, NULL, '148400', '500 BDT Invest Under Starter Plan.', '2017-10-22 06:33:01', '2017-10-22 06:33:01'),
(6, 4, 'KVPXSHNKYCQUKP6PWISU', '500', 14, NULL, '147900', '500 BDT Invest Under Starter Plan.', '2017-10-22 06:35:13', '2017-10-22 06:35:13'),
(7, 4, '9ST9G3WPHXL8HQDIZR9T', '500', 14, NULL, '147400', '500 BDT Invest Under Starter Plan.', '2017-10-22 06:48:15', '2017-10-22 06:48:15'),
(8, 4, '74WYLM4H1DTL0YF3ETCR', '500', 14, NULL, '146900', '500 BDT Invest Under Starter Plan.', '2017-10-22 06:54:14', '2017-10-22 06:54:14'),
(9, 4, 'SABUXJ1WH8XMDCDGQ14U', '1000', 14, NULL, '145900', '1000 BDT Invest Under Starter Plan.', '2017-10-22 08:49:17', '2017-10-22 08:49:17'),
(10, 4, 'XLFZERPFSIEKFDS9XBXO', '1200', 5, '52', '144700', '1200 BDT Withdraw Request Send. Via bKash', '2017-10-22 08:52:34', '2017-10-22 08:52:34'),
(11, 4, 'XLFZERPFSIEKFDS9XBXO', '52', 10, NULL, '144648', '52 BDT Charged for Withdraw Request. Via bKash', '2017-10-22 08:52:34', '2017-10-22 08:52:34'),
(12, 4, 'XLFZERPFSIEKFDS9XBXO', '1200', 6, NULL, '145848', '1200 BDT Withdraw Refunded.', '2017-10-22 08:53:09', '2017-10-22 08:53:09'),
(13, 4, 'XLFZERPFSIEKFDS9XBXO', '52', 10, NULL, '145900', '52 BDT Withdraw Charge Refunded.', '2017-10-22 08:53:09', '2017-10-22 08:53:09'),
(14, 4, 'JPMU5JLUNJ6XKF6RA4KY', '1025', 14, NULL, '144875', '1025 BDT Invest Under Starter Plan.', '2017-10-22 09:14:07', '2017-10-22 09:14:07'),
(15, 4, '5ORHHBEIARDAANBSPCUJ', '1025', 5, '48.06', '143850', '1025 BDT Withdraw Request Send. Via bKash', '2017-10-22 09:14:35', '2017-10-22 09:14:35'),
(16, 4, '5ORHHBEIARDAANBSPCUJ', '48.06', 10, NULL, '143801.94', '48.06 BDT Charged for Withdraw Request. Via bKash', '2017-10-22 09:14:35', '2017-10-22 09:14:35'),
(17, 4, 'SOQ8I4HYGZ7E6TBOWTL9', '1025', 1, '25.55', '144826.94', 'Deposit 1025 BDT . By Credit Card.', '2017-10-22 09:15:20', '2017-10-22 09:15:20'),
(18, 4, 'FGEBVG7QGN4N7VVSBNMH', '1022', 1, '25.48', '145848.94', 'Deposit 1022 BDT . By Credit Card.', '2017-10-22 09:19:39', '2017-10-22 09:19:39'),
(19, 4, '7OXOMTZ9DNMJY6FHHBEW', '1025', 5, '0', '144823.94', '1025 BDT Withdraw Request Send. Via Dutch Bangla Bank', '2017-10-22 09:36:47', '2017-10-22 09:36:47'),
(20, 4, '7OXOMTZ9DNMJY6FHHBEW', '0', 10, NULL, '144823.94', '0 BDT Charged for Withdraw Request. Via Dutch Bangla Bank', '2017-10-22 09:36:47', '2017-10-22 09:36:47'),
(21, 4, 'M0UV8OZ4TCGUIB97ZCBV', '1520', 5, '0', '143303.94', '1520 BDT Withdraw Request Send. Via Dutch Bangla Bank', '2017-10-22 09:37:36', '2017-10-22 09:37:36'),
(22, 4, 'M0UV8OZ4TCGUIB97ZCBV', '0', 10, NULL, '143303.94', '0 BDT Charged for Withdraw Request. Via Dutch Bangla Bank', '2017-10-22 09:37:36', '2017-10-22 09:37:36'),
(23, 4, '9BYQWDFP2FZW20HPMBVZ', '1025', 1, '25.55', '144328.94', 'Deposit 1025 BDT . By Credit Card.', '2017-10-22 09:39:47', '2017-10-22 09:39:47'),
(24, 4, 'OTBVGNKAJZPZGPU5UADL', '1025', 5, '48.58', '143303.94', '1025 BDT Withdraw Request Send. Via Sure Cash', '2017-10-22 10:00:23', '2017-10-22 10:00:23'),
(25, 4, 'OTBVGNKAJZPZGPU5UADL', '48.58', 10, NULL, '143255.36000000002', '48.58 BDT Charged for Withdraw Request. Via Sure Cash', '2017-10-22 10:00:23', '2017-10-22 10:00:23'),
(26, 4, '0BM3KUQXS2IW70IC5GUS', '1500', 5, '0', '141755.36000000002', '1500 BDT Withdraw Request Send. Via Dutch Bangla Bank', '2017-10-22 10:53:45', '2017-10-22 10:53:45'),
(27, 4, '0BM3KUQXS2IW70IC5GUS', '0', 10, NULL, '141755.36000000002', '0 BDT Charged for Withdraw Request. Via Dutch Bangla Bank', '2017-10-22 10:53:45', '2017-10-22 10:53:45'),
(28, 4, 'SZKTXPPZCTJNOXK68FQY', '10', 3, NULL, '141765.36000000002', '10 BDT Bonus For Reference Join. ', '2017-10-22 11:02:43', '2017-10-22 11:02:43'),
(29, 5, 'ASG8WXJQURV9VCHLHEOT', '50000', 1, '1103', '50000', 'Deposit 50000 BDT . By Credit Card.', '2017-10-22 11:04:35', '2017-10-22 11:04:35'),
(30, 4, 'ASG8WXJQURV9VCHLHEOT', '2500', 3, NULL, '144265.36000000002', 'Reference Deposit Bonus 2500 BDT . From - pialhh.', '2017-10-22 11:04:35', '2017-10-22 11:04:35'),
(31, 5, 'ENBXLBB78Z7IYZRDJ9DM', '1000', 14, NULL, '49000', '1000 BDT Invest Under Starter Plan.', '2017-10-22 11:05:40', '2017-10-22 11:05:40'),
(32, 4, 'NOZTXUT8ZAC3OGWNIPC2', '750', 15, NULL, '145015.36000000002', 'Repeat 750 BDT. For Investment Plan - Starter.', '2017-10-22 11:17:08', '2017-10-22 11:17:08'),
(33, 4, '9UOX5XDDTRKSM8ZR0MZC', '500', 14, NULL, '144515.36000000002', '500 BDT Invest Under test Plan.', '2017-10-22 11:18:40', '2017-10-22 11:18:40'),
(34, 4, '3NSFZT8FEZJMDQFHXU36', '750', 15, NULL, '145265.36000000002', 'Repeat 750 BDT. For Investment Plan - test.', '2017-10-22 11:19:00', '2017-10-22 11:19:00'),
(35, 4, 'RG1WRIBUL6IMPPKWJI9H', '750', 15, NULL, '146015.36000000002', 'Repeat 750 BDT. For Investment Plan - test.', '2017-10-22 11:19:42', '2017-10-22 11:19:42'),
(36, 4, '7TRRLFFPGT1LU4N7HW8N', '500', 5, '0', '145515.36000000002', '500 BDT Withdraw Request Send. Via Dutch Bangla Bank', '2017-10-22 11:24:32', '2017-10-22 11:24:32'),
(37, 4, '7TRRLFFPGT1LU4N7HW8N', '0', 10, NULL, '145515.36000000002', '0 BDT Charged for Withdraw Request. Via Dutch Bangla Bank', '2017-10-22 11:24:32', '2017-10-22 11:24:32'),
(38, 4, '0QS5Q8H4BY7CZNHFEAHL', '1500', 14, NULL, '144015.36000000002', '1500 BDT Invest Under Starter Plan.', '2017-10-23 05:15:58', '2017-10-23 05:15:58'),
(39, 4, 'FZODUGLJ8SCN0HWVSV9Z', '500', 14, NULL, '143515.36000000002', '500 BDT Invest Under Starter Plan.', '2017-10-24 04:04:36', '2017-10-24 04:04:36'),
(40, 4, 'MWQJ9OBMZFCWPQGTI5KF', '10', 3, NULL, '143525.36000000002', '10 BDT Bonus For Reference Join. ', '2017-10-24 08:54:10', '2017-10-24 08:54:10'),
(41, 6, 'HWWXYJ6AIT82BOONPIE3', '1520', 1, '86', '1520', 'Deposit 1520 BDT . By Manual BTC.', '2017-10-24 09:00:02', '2017-10-24 09:00:02'),
(42, 6, 'HWWXYJ6AIT82BOONPIE3', '1520', 1, '86', '1520', 'Deposit 1520 BDT . By Manual BTC.', '2017-10-24 09:03:01', '2017-10-24 09:03:01'),
(43, 6, 'HWWXYJ6AIT82BOONPIE3', '1520', 1, '86', '1520', 'Deposit 1520 BDT . By Manual BTC.', '2017-10-24 09:04:24', '2017-10-24 09:04:24'),
(44, 6, 'HWWXYJ6AIT82BOONPIE3', '1520', 1, '86', '1520', 'Deposit 1520 BDT . By Manual BTC.', '2017-10-24 09:04:41', '2017-10-24 09:04:41'),
(45, 6, 'HWWXYJ6AIT82BOONPIE3', '1520', 1, '86', '1520', 'Deposit 1520 BDT . By Manual BTC.', '2017-10-24 09:10:29', '2017-10-24 09:10:29'),
(46, 4, 'WRUEGA68BHPDZNYJQ2H9', '10025', 1, '280.63', '153550.36000000002', 'Deposit 10025 BDT . By Sonali Bank.', '2017-10-24 09:14:58', '2017-10-24 09:14:58'),
(47, 6, 'HWWXYJ6AIT82BOONPIE3', '1520', 1, '86', '1520', 'Deposit 1520 BDT . By Manual BTC.', '2017-10-24 09:29:12', '2017-10-24 09:29:12'),
(48, 4, 'HWWXYJ6AIT82BOONPIE3', '76', 3, NULL, '163651.36000000002', 'Reference Deposit Bonus 76 BDT . From - prantoroy.', '2017-10-24 09:29:12', '2017-10-24 09:29:12'),
(49, 4, '9EXDF92GHTGYI3DWJNIP', '50', 15, NULL, '163701.36000000002', 'Repeat 50 BDT. For Investment Plan - test plan.', '2017-10-24 09:54:07', '2017-10-24 09:54:07'),
(50, 4, 'T03PGRH2CMGTMJVNU5YE', '750', 15, NULL, '164451.36000000002', 'Repeat 750 BDT. For Investment Plan - Starter.', '2017-10-24 10:18:47', '2017-10-24 10:18:47'),
(51, 6, 'RPFELFRUPQHFKONTYHK9', '120', 8, NULL, '3160', 'Add 120 BDT - For hello', '2017-10-24 12:09:23', '2017-10-24 12:09:23'),
(52, 4, 'MF3JFDSGKNGXF7ALQUCX', '1200', 14, NULL, '163251.36000000002', '1200 BDT Invest Under Starter Plan.', '2017-10-26 11:34:20', '2017-10-26 11:34:20'),
(53, 4, 'DFRMXV1POL9GZEIVD3GG', '100', 1, '32.5', '163351.36000000002', 'Deposit 100 BDT . By Sonali Bank.', '2017-10-30 06:37:14', '2017-10-30 06:37:14'),
(54, 4, '5KZM4OOOTOLJDVD8WC7T', '1000', 1, '150', '164451.36000000002', 'Deposit 1000 BDT . By Manual BTC.', '2017-10-31 06:57:40', '2017-10-31 06:57:40'),
(55, 4, '4MO7GE3QF3WDLMJFHS84', '500', 1, '42.5', '165951.36000000002', 'Deposit 500 BDT . By Sonali Bank.', '2017-10-31 07:02:49', '2017-10-31 07:02:49'),
(56, 4, '7MFFQUW00VJVZ7IBOGOY', '200', 1, '110', '166151.36000000002', 'Deposit 200 BDT . By Manual BTC.', '2017-10-31 08:57:59', '2017-10-31 08:57:59'),
(57, 4, 'OIUTCMFCSNZOFII0KV0N', '500', 1, '125', '166651.36000000002', 'Deposit 500 BDT . By Manual BTC.', '2017-10-31 09:00:01', '2017-10-31 09:00:01'),
(58, 4, 'M2RYAGPRLGL5VYPINIST', '50000', 14, NULL, '116651.36000000002', '50000 BDT Invest Under Starter Plan.', '2017-11-05 07:00:34', '2017-11-05 07:00:34'),
(59, 4, 'FR3VKR3VPTESTE3QFAMQ', '10000', 14, NULL, '106651.36000000002', '10000 BDT Invest Under Starter Plan.', '2017-11-05 07:01:24', '2017-11-05 07:01:24'),
(60, 4, '4TZMK3FOKMJAE6JG5OQC', '1000', 5, '48', '105651.36000000002', '1000 BDT Withdraw Request Send. Via Sure Cash', '2017-11-05 07:12:12', '2017-11-05 07:12:12'),
(61, 4, '4TZMK3FOKMJAE6JG5OQC', '48', 10, NULL, '105603.36000000002', '48 BDT Charged for Withdraw Request. Via Sure Cash', '2017-11-05 07:12:12', '2017-11-05 07:12:12'),
(62, 8, 'OXM1WPSVNM9GILPMANXG', '10', 3, NULL, '10', '10 USD Bonus For Reference Join. ', '2018-03-02 02:12:59', '2018-03-02 02:12:59');

-- --------------------------------------------------------

--
-- Struktur dari tabel `withdraw_logs`
--

CREATE TABLE `withdraw_logs` (
  `id` int(10) UNSIGNED NOT NULL,
  `user_id` int(11) NOT NULL,
  `method_id` int(11) NOT NULL,
  `transaction_id` varchar(191) COLLATE utf8mb4_unicode_ci NOT NULL,
  `amount` varchar(191) COLLATE utf8mb4_unicode_ci NOT NULL,
  `charge` varchar(191) COLLATE utf8mb4_unicode_ci NOT NULL,
  `net_amount` varchar(191) COLLATE utf8mb4_unicode_ci NOT NULL,
  `send_details` text COLLATE utf8mb4_unicode_ci,
  `message` text COLLATE utf8mb4_unicode_ci,
  `status` tinyint(1) NOT NULL DEFAULT '0',
  `created_at` timestamp NULL DEFAULT NULL,
  `updated_at` timestamp NULL DEFAULT NULL
) ENGINE=InnoDB DEFAULT CHARSET=utf8mb4 COLLATE=utf8mb4_unicode_ci;

--
-- Dumping data untuk tabel `withdraw_logs`
--

INSERT INTO `withdraw_logs` (`id`, `user_id`, `method_id`, `transaction_id`, `amount`, `charge`, `net_amount`, `send_details`, `message`, `status`, `created_at`, `updated_at`) VALUES
(1, 4, 2, 'SXUFHWR9DNZLRC837WC4', '100', '27.3', '127.3', NULL, NULL, 0, '2017-10-22 06:51:19', '2017-10-22 06:51:19'),
(2, 4, 1, 'XLFZERPFSIEKFDS9XBXO', '1200', '52', '1252', 'DFGDFSG', 'SDFGSDFG', 3, '2017-10-22 08:52:18', '2017-10-22 08:53:09'),
(3, 4, 1, '5ORHHBEIARDAANBSPCUJ', '1025', '48.06', '1073.06', 'sdfsdaf', 'sadfsdf', 2, '2017-10-22 09:14:29', '2017-11-05 07:14:11'),
(4, 4, 3, '7OXOMTZ9DNMJY6FHHBEW', '1025', '0', '1025', 'dfasdf', 'asdfsd', 2, '2017-10-22 09:36:41', '2017-11-05 07:14:03'),
(5, 4, 3, 'M0UV8OZ4TCGUIB97ZCBV', '1520', '0', '1520', 'asdf', 'sadf', 2, '2017-10-22 09:37:31', '2017-11-05 07:13:55'),
(6, 4, 2, 'OTBVGNKAJZPZGPU5UADL', '1025', '48.58', '1073.58', 'f', 'gfdgf', 2, '2017-10-22 10:00:17', '2017-11-05 07:14:44'),
(7, 4, 3, '0BM3KUQXS2IW70IC5GUS', '1500', '0', '1500', 'sadf', 'asdfsad', 2, '2017-10-22 10:53:36', '2017-10-22 10:54:42'),
(8, 4, 3, '7TRRLFFPGT1LU4N7HW8N', '500', '0', '500', 'uj', 'ui', 2, '2017-10-22 11:24:24', '2017-11-05 07:13:46'),
(9, 4, 2, 'SNXXHPRNOXA3CGCBH3IB', '100', '27.3', '127.3', NULL, NULL, 0, '2017-11-05 07:02:20', '2017-11-05 07:02:20'),
(10, 4, 2, 'ONIEZTU25RYWRPXID2TM', '1000', '48', '1048', NULL, NULL, 0, '2017-11-05 07:02:36', '2017-11-05 07:02:36'),
(11, 4, 1, 'UDGQFAQQXWAPSPSTGYNM', '4520', '126.7', '4646.7', NULL, NULL, 0, '2017-11-05 07:06:16', '2017-11-05 07:06:16'),
(12, 4, 3, 'LW74A28CDHEVQKGP4FUE', '1200', '0', '1200', NULL, NULL, 0, '2017-11-05 07:06:29', '2017-11-05 07:06:29'),
(13, 4, 2, '4TZMK3FOKMJAE6JG5OQC', '1000', '48', '1048', 'asdf', 'sadfsdf', 1, '2017-11-05 07:12:04', '2017-11-05 07:12:12');

-- --------------------------------------------------------

--
-- Struktur dari tabel `withdraw_methods`
--

CREATE TABLE `withdraw_methods` (
  `id` int(10) UNSIGNED NOT NULL,
  `name` varchar(191) COLLATE utf8mb4_unicode_ci NOT NULL,
  `image` varchar(191) COLLATE utf8mb4_unicode_ci NOT NULL,
  `withdraw_min` varchar(100) COLLATE utf8mb4_unicode_ci NOT NULL,
  `withdraw_max` varchar(100) COLLATE utf8mb4_unicode_ci NOT NULL,
  `fix` varchar(191) COLLATE utf8mb4_unicode_ci NOT NULL,
  `percent` varchar(191) COLLATE utf8mb4_unicode_ci NOT NULL,
  `duration` varchar(191) COLLATE utf8mb4_unicode_ci NOT NULL,
  `status` tinyint(1) NOT NULL,
  `created_at` timestamp NULL DEFAULT NULL,
  `updated_at` timestamp NULL DEFAULT NULL
) ENGINE=InnoDB DEFAULT CHARSET=utf8mb4 COLLATE=utf8mb4_unicode_ci;

--
-- Dumping data untuk tabel `withdraw_methods`
--

INSERT INTO `withdraw_methods` (`id`, `name`, `image`, `withdraw_min`, `withdraw_max`, `fix`, `percent`, `duration`, `status`, `created_at`, `updated_at`) VALUES
(1, 'BNI', '1516514572h8.png', '500', '25000', '25', '2.25', '2', 1, '2017-07-28 15:09:41', '2018-01-21 05:02:52'),
(2, 'Mandiri', '1516514544h8.png', '100', '2000', '25', '2.30', '3', 1, '2017-07-28 15:10:00', '2018-01-21 05:02:25'),
(3, 'BCA', '1516514514h8.png', '50', '20000', '0', '0', '1', 1, '2017-08-09 21:06:21', '2018-01-21 05:01:54'),
(5, 'BRI', '1516514469h8.png', '10000', '10000', '10', '1', '15', 1, '2017-10-24 12:01:07', '2018-01-21 05:01:10');

--
-- Indexes for dumped tables
--

--
-- Indeks untuk tabel `admins`
--
ALTER TABLE `admins`
  ADD PRIMARY KEY (`id`),
  ADD UNIQUE KEY `admins_email_unique` (`email`);

--
-- Indeks untuk tabel `basic_settings`
--
ALTER TABLE `basic_settings`
  ADD PRIMARY KEY (`id`);

--
-- Indeks untuk tabel `compounds`
--
ALTER TABLE `compounds`
  ADD PRIMARY KEY (`id`);

--
-- Indeks untuk tabel `deposits`
--
ALTER TABLE `deposits`
  ADD PRIMARY KEY (`id`);

--
-- Indeks untuk tabel `deposit_images`
--
ALTER TABLE `deposit_images`
  ADD PRIMARY KEY (`id`);

--
-- Indeks untuk tabel `faqs`
--
ALTER TABLE `faqs`
  ADD PRIMARY KEY (`id`);

--
-- Indeks untuk tabel `investments`
--
ALTER TABLE `investments`
  ADD PRIMARY KEY (`id`);

--
-- Indeks untuk tabel `menus`
--
ALTER TABLE `menus`
  ADD PRIMARY KEY (`id`);

--
-- Indeks untuk tabel `migrations`
--
ALTER TABLE `migrations`
  ADD PRIMARY KEY (`id`);

--
-- Indeks untuk tabel `pages`
--
ALTER TABLE `pages`
  ADD PRIMARY KEY (`id`);

--
-- Indeks untuk tabel `password_resets`
--
ALTER TABLE `password_resets`
  ADD KEY `password_resets_email_index` (`email`);

--
-- Indeks untuk tabel `payment_logs`
--
ALTER TABLE `payment_logs`
  ADD PRIMARY KEY (`id`);

--
-- Indeks untuk tabel `payment_methods`
--
ALTER TABLE `payment_methods`
  ADD PRIMARY KEY (`id`);

--
-- Indeks untuk tabel `plans`
--
ALTER TABLE `plans`
  ADD PRIMARY KEY (`id`);

--
-- Indeks untuk tabel `repeats`
--
ALTER TABLE `repeats`
  ADD PRIMARY KEY (`id`);

--
-- Indeks untuk tabel `repeat_logs`
--
ALTER TABLE `repeat_logs`
  ADD PRIMARY KEY (`id`);

--
-- Indeks untuk tabel `services`
--
ALTER TABLE `services`
  ADD PRIMARY KEY (`id`);

--
-- Indeks untuk tabel `sliders`
--
ALTER TABLE `sliders`
  ADD PRIMARY KEY (`id`);

--
-- Indeks untuk tabel `socials`
--
ALTER TABLE `socials`
  ADD PRIMARY KEY (`id`);

--
-- Indeks untuk tabel `supports`
--
ALTER TABLE `supports`
  ADD PRIMARY KEY (`id`);

--
-- Indeks untuk tabel `support_messages`
--
ALTER TABLE `support_messages`
  ADD PRIMARY KEY (`id`);

--
-- Indeks untuk tabel `testimonials`
--
ALTER TABLE `testimonials`
  ADD PRIMARY KEY (`id`);

--
-- Indeks untuk tabel `users`
--
ALTER TABLE `users`
  ADD PRIMARY KEY (`id`),
  ADD UNIQUE KEY `users_email_unique` (`email`);

--
-- Indeks untuk tabel `user_logins`
--
ALTER TABLE `user_logins`
  ADD PRIMARY KEY (`id`);

--
-- Indeks untuk tabel `user_logs`
--
ALTER TABLE `user_logs`
  ADD PRIMARY KEY (`id`);

--
-- Indeks untuk tabel `withdraw_logs`
--
ALTER TABLE `withdraw_logs`
  ADD PRIMARY KEY (`id`);

--
-- Indeks untuk tabel `withdraw_methods`
--
ALTER TABLE `withdraw_methods`
  ADD PRIMARY KEY (`id`);

--
-- AUTO_INCREMENT untuk tabel yang dibuang
--

--
-- AUTO_INCREMENT untuk tabel `admins`
--
ALTER TABLE `admins`
  MODIFY `id` int(10) UNSIGNED NOT NULL AUTO_INCREMENT, AUTO_INCREMENT=3;

--
-- AUTO_INCREMENT untuk tabel `basic_settings`
--
ALTER TABLE `basic_settings`
  MODIFY `id` int(10) UNSIGNED NOT NULL AUTO_INCREMENT, AUTO_INCREMENT=2;

--
-- AUTO_INCREMENT untuk tabel `compounds`
--
ALTER TABLE `compounds`
  MODIFY `id` int(10) UNSIGNED NOT NULL AUTO_INCREMENT, AUTO_INCREMENT=9;

--
-- AUTO_INCREMENT untuk tabel `deposits`
--
ALTER TABLE `deposits`
  MODIFY `id` int(10) UNSIGNED NOT NULL AUTO_INCREMENT, AUTO_INCREMENT=24;

--
-- AUTO_INCREMENT untuk tabel `deposit_images`
--
ALTER TABLE `deposit_images`
  MODIFY `id` int(10) UNSIGNED NOT NULL AUTO_INCREMENT, AUTO_INCREMENT=22;

--
-- AUTO_INCREMENT untuk tabel `faqs`
--
ALTER TABLE `faqs`
  MODIFY `id` int(10) UNSIGNED NOT NULL AUTO_INCREMENT, AUTO_INCREMENT=6;

--
-- AUTO_INCREMENT untuk tabel `investments`
--
ALTER TABLE `investments`
  MODIFY `id` int(10) UNSIGNED NOT NULL AUTO_INCREMENT, AUTO_INCREMENT=15;

--
-- AUTO_INCREMENT untuk tabel `menus`
--
ALTER TABLE `menus`
  MODIFY `id` int(10) UNSIGNED NOT NULL AUTO_INCREMENT;

--
-- AUTO_INCREMENT untuk tabel `migrations`
--
ALTER TABLE `migrations`
  MODIFY `id` int(10) UNSIGNED NOT NULL AUTO_INCREMENT;

--
-- AUTO_INCREMENT untuk tabel `pages`
--
ALTER TABLE `pages`
  MODIFY `id` int(10) UNSIGNED NOT NULL AUTO_INCREMENT, AUTO_INCREMENT=2;

--
-- AUTO_INCREMENT untuk tabel `payment_logs`
--
ALTER TABLE `payment_logs`
  MODIFY `id` int(10) UNSIGNED NOT NULL AUTO_INCREMENT, AUTO_INCREMENT=114;

--
-- AUTO_INCREMENT untuk tabel `payment_methods`
--
ALTER TABLE `payment_methods`
  MODIFY `id` int(10) UNSIGNED NOT NULL AUTO_INCREMENT, AUTO_INCREMENT=14;

--
-- AUTO_INCREMENT untuk tabel `plans`
--
ALTER TABLE `plans`
  MODIFY `id` int(10) UNSIGNED NOT NULL AUTO_INCREMENT, AUTO_INCREMENT=10;

--
-- AUTO_INCREMENT untuk tabel `repeats`
--
ALTER TABLE `repeats`
  MODIFY `id` int(10) UNSIGNED NOT NULL AUTO_INCREMENT, AUTO_INCREMENT=15;

--
-- AUTO_INCREMENT untuk tabel `repeat_logs`
--
ALTER TABLE `repeat_logs`
  MODIFY `id` int(10) UNSIGNED NOT NULL AUTO_INCREMENT, AUTO_INCREMENT=6;

--
-- AUTO_INCREMENT untuk tabel `services`
--
ALTER TABLE `services`
  MODIFY `id` int(10) UNSIGNED NOT NULL AUTO_INCREMENT, AUTO_INCREMENT=9;

--
-- AUTO_INCREMENT untuk tabel `sliders`
--
ALTER TABLE `sliders`
  MODIFY `id` int(10) UNSIGNED NOT NULL AUTO_INCREMENT, AUTO_INCREMENT=7;

--
-- AUTO_INCREMENT untuk tabel `socials`
--
ALTER TABLE `socials`
  MODIFY `id` int(10) UNSIGNED NOT NULL AUTO_INCREMENT, AUTO_INCREMENT=9;

--
-- AUTO_INCREMENT untuk tabel `supports`
--
ALTER TABLE `supports`
  MODIFY `id` int(10) UNSIGNED NOT NULL AUTO_INCREMENT, AUTO_INCREMENT=5;

--
-- AUTO_INCREMENT untuk tabel `support_messages`
--
ALTER TABLE `support_messages`
  MODIFY `id` int(10) UNSIGNED NOT NULL AUTO_INCREMENT, AUTO_INCREMENT=7;

--
-- AUTO_INCREMENT untuk tabel `testimonials`
--
ALTER TABLE `testimonials`
  MODIFY `id` int(10) UNSIGNED NOT NULL AUTO_INCREMENT, AUTO_INCREMENT=5;

--
-- AUTO_INCREMENT untuk tabel `users`
--
ALTER TABLE `users`
  MODIFY `id` int(10) UNSIGNED NOT NULL AUTO_INCREMENT, AUTO_INCREMENT=11;

--
-- AUTO_INCREMENT untuk tabel `user_logins`
--
ALTER TABLE `user_logins`
  MODIFY `id` int(10) UNSIGNED NOT NULL AUTO_INCREMENT, AUTO_INCREMENT=73;

--
-- AUTO_INCREMENT untuk tabel `user_logs`
--
ALTER TABLE `user_logs`
  MODIFY `id` int(10) UNSIGNED NOT NULL AUTO_INCREMENT, AUTO_INCREMENT=63;

--
-- AUTO_INCREMENT untuk tabel `withdraw_logs`
--
ALTER TABLE `withdraw_logs`
  MODIFY `id` int(10) UNSIGNED NOT NULL AUTO_INCREMENT, AUTO_INCREMENT=14;

--
-- AUTO_INCREMENT untuk tabel `withdraw_methods`
--
ALTER TABLE `withdraw_methods`
  MODIFY `id` int(10) UNSIGNED NOT NULL AUTO_INCREMENT, AUTO_INCREMENT=6;
COMMIT;

/*!40101 SET CHARACTER_SET_CLIENT=@OLD_CHARACTER_SET_CLIENT */;
/*!40101 SET CHARACTER_SET_RESULTS=@OLD_CHARACTER_SET_RESULTS */;
/*!40101 SET COLLATION_CONNECTION=@OLD_COLLATION_CONNECTION */;
